[2026-04-25T10:11:40.997+0000] {processor.py:161} INFO - Started process (PID=165) to work on /opt/airflow/dags/file_etl_dag.py
[2026-04-25T10:11:40.999+0000] {processor.py:830} INFO - Processing file /opt/airflow/dags/file_etl_dag.py for tasks to queue
[2026-04-25T10:11:41.003+0000] {logging_mixin.py:188} INFO - [2026-04-25T10:11:41.002+0000] {dagbag.py:545} INFO - Filling up the DagBag from /opt/airflow/dags/file_etl_dag.py
[2026-04-25T10:11:42.934+0000] {processor.py:840} INFO - DAG(s) 'file_etl_pipeline' retrieved from /opt/airflow/dags/file_etl_dag.py
[2026-04-25T10:11:43.001+0000] {logging_mixin.py:188} INFO - [2026-04-25T10:11:43.001+0000] {dag.py:3089} INFO - Sync 1 DAGs
[2026-04-25T10:11:43.055+0000] {logging_mixin.py:188} INFO - [2026-04-25T10:11:43.054+0000] {dag.py:3947} INFO - Setting next_dagrun for file_etl_pipeline to 2026-04-25 00:00:00+00:00, run_after=2026-04-26 00:00:00+00:00
[2026-04-25T10:11:43.092+0000] {processor.py:183} INFO - Processing /opt/airflow/dags/file_etl_dag.py took 2.105 seconds
[2026-04-25T10:12:13.289+0000] {processor.py:161} INFO - Started process (PID=171) to work on /opt/airflow/dags/file_etl_dag.py
[2026-04-25T10:12:13.291+0000] {processor.py:830} INFO - Processing file /opt/airflow/dags/file_etl_dag.py for tasks to queue
[2026-04-25T10:12:13.296+0000] {logging_mixin.py:188} INFO - [2026-04-25T10:12:13.296+0000] {dagbag.py:545} INFO - Filling up the DagBag from /opt/airflow/dags/file_etl_dag.py
[2026-04-25T10:12:14.015+0000] {processor.py:840} INFO - DAG(s) 'file_etl_pipeline' retrieved from /opt/airflow/dags/file_etl_dag.py
[2026-04-25T10:12:14.049+0000] {logging_mixin.py:188} INFO - [2026-04-25T10:12:14.048+0000] {dag.py:3089} INFO - Sync 1 DAGs
[2026-04-25T10:12:14.090+0000] {logging_mixin.py:188} INFO - [2026-04-25T10:12:14.090+0000] {dag.py:3947} INFO - Setting next_dagrun for file_etl_pipeline to 2026-04-25 00:00:00+00:00, run_after=2026-04-26 00:00:00+00:00
[2026-04-25T10:12:14.132+0000] {processor.py:183} INFO - Processing /opt/airflow/dags/file_etl_dag.py took 0.857 seconds
[2026-04-25T10:12:44.496+0000] {processor.py:161} INFO - Started process (PID=177) to work on /opt/airflow/dags/file_etl_dag.py
[2026-04-25T10:12:44.500+0000] {processor.py:830} INFO - Processing file /opt/airflow/dags/file_etl_dag.py for tasks to queue
[2026-04-25T10:12:44.508+0000] {logging_mixin.py:188} INFO - [2026-04-25T10:12:44.507+0000] {dagbag.py:545} INFO - Filling up the DagBag from /opt/airflow/dags/file_etl_dag.py
[2026-04-25T10:12:45.231+0000] {processor.py:840} INFO - DAG(s) 'file_etl_pipeline' retrieved from /opt/airflow/dags/file_etl_dag.py
[2026-04-25T10:12:45.278+0000] {logging_mixin.py:188} INFO - [2026-04-25T10:12:45.278+0000] {dag.py:3089} INFO - Sync 1 DAGs
[2026-04-25T10:12:45.346+0000] {logging_mixin.py:188} INFO - [2026-04-25T10:12:45.345+0000] {dag.py:3947} INFO - Setting next_dagrun for file_etl_pipeline to 2026-04-25 00:00:00+00:00, run_after=2026-04-26 00:00:00+00:00
[2026-04-25T10:12:45.397+0000] {processor.py:183} INFO - Processing /opt/airflow/dags/file_etl_dag.py took 0.924 seconds
[2026-04-25T10:13:15.743+0000] {processor.py:161} INFO - Started process (PID=183) to work on /opt/airflow/dags/file_etl_dag.py
[2026-04-25T10:13:15.745+0000] {processor.py:830} INFO - Processing file /opt/airflow/dags/file_etl_dag.py for tasks to queue
[2026-04-25T10:13:15.750+0000] {logging_mixin.py:188} INFO - [2026-04-25T10:13:15.749+0000] {dagbag.py:545} INFO - Filling up the DagBag from /opt/airflow/dags/file_etl_dag.py
[2026-04-25T10:13:16.576+0000] {processor.py:840} INFO - DAG(s) 'file_etl_pipeline' retrieved from /opt/airflow/dags/file_etl_dag.py
[2026-04-25T10:13:16.616+0000] {logging_mixin.py:188} INFO - [2026-04-25T10:13:16.615+0000] {dag.py:3089} INFO - Sync 1 DAGs
[2026-04-25T10:13:16.703+0000] {logging_mixin.py:188} INFO - [2026-04-25T10:13:16.702+0000] {dag.py:3947} INFO - Setting next_dagrun for file_etl_pipeline to 2026-04-25 00:00:00+00:00, run_after=2026-04-26 00:00:00+00:00
[2026-04-25T10:13:16.743+0000] {processor.py:183} INFO - Processing /opt/airflow/dags/file_etl_dag.py took 1.014 seconds
[2026-04-25T10:13:47.049+0000] {processor.py:161} INFO - Started process (PID=189) to work on /opt/airflow/dags/file_etl_dag.py
[2026-04-25T10:13:47.053+0000] {processor.py:830} INFO - Processing file /opt/airflow/dags/file_etl_dag.py for tasks to queue
[2026-04-25T10:13:47.062+0000] {logging_mixin.py:188} INFO - [2026-04-25T10:13:47.060+0000] {dagbag.py:545} INFO - Filling up the DagBag from /opt/airflow/dags/file_etl_dag.py
[2026-04-25T10:13:47.877+0000] {processor.py:840} INFO - DAG(s) 'file_etl_pipeline' retrieved from /opt/airflow/dags/file_etl_dag.py
[2026-04-25T10:13:47.909+0000] {logging_mixin.py:188} INFO - [2026-04-25T10:13:47.909+0000] {dag.py:3089} INFO - Sync 1 DAGs
[2026-04-25T10:13:47.965+0000] {logging_mixin.py:188} INFO - [2026-04-25T10:13:47.964+0000] {dag.py:3947} INFO - Setting next_dagrun for file_etl_pipeline to 2026-04-25 00:00:00+00:00, run_after=2026-04-26 00:00:00+00:00
[2026-04-25T10:13:48.006+0000] {processor.py:183} INFO - Processing /opt/airflow/dags/file_etl_dag.py took 0.981 seconds
[2026-04-25T10:14:18.308+0000] {processor.py:161} INFO - Started process (PID=195) to work on /opt/airflow/dags/file_etl_dag.py
[2026-04-25T10:14:18.310+0000] {processor.py:830} INFO - Processing file /opt/airflow/dags/file_etl_dag.py for tasks to queue
[2026-04-25T10:14:18.316+0000] {logging_mixin.py:188} INFO - [2026-04-25T10:14:18.315+0000] {dagbag.py:545} INFO - Filling up the DagBag from /opt/airflow/dags/file_etl_dag.py
[2026-04-25T10:14:19.038+0000] {processor.py:840} INFO - DAG(s) 'file_etl_pipeline' retrieved from /opt/airflow/dags/file_etl_dag.py
[2026-04-25T10:14:19.085+0000] {logging_mixin.py:188} INFO - [2026-04-25T10:14:19.085+0000] {dag.py:3089} INFO - Sync 1 DAGs
[2026-04-25T10:14:19.135+0000] {logging_mixin.py:188} INFO - [2026-04-25T10:14:19.134+0000] {dag.py:3947} INFO - Setting next_dagrun for file_etl_pipeline to 2026-04-25 00:00:00+00:00, run_after=2026-04-26 00:00:00+00:00
[2026-04-25T10:14:19.184+0000] {processor.py:183} INFO - Processing /opt/airflow/dags/file_etl_dag.py took 0.892 seconds
[2026-04-25T10:14:49.517+0000] {processor.py:161} INFO - Started process (PID=207) to work on /opt/airflow/dags/file_etl_dag.py
[2026-04-25T10:14:49.519+0000] {processor.py:830} INFO - Processing file /opt/airflow/dags/file_etl_dag.py for tasks to queue
[2026-04-25T10:14:49.523+0000] {logging_mixin.py:188} INFO - [2026-04-25T10:14:49.522+0000] {dagbag.py:545} INFO - Filling up the DagBag from /opt/airflow/dags/file_etl_dag.py
[2026-04-25T10:14:50.295+0000] {processor.py:840} INFO - DAG(s) 'file_etl_pipeline' retrieved from /opt/airflow/dags/file_etl_dag.py
[2026-04-25T10:14:50.342+0000] {logging_mixin.py:188} INFO - [2026-04-25T10:14:50.341+0000] {dag.py:3089} INFO - Sync 1 DAGs
[2026-04-25T10:14:50.386+0000] {logging_mixin.py:188} INFO - [2026-04-25T10:14:50.385+0000] {dag.py:3947} INFO - Setting next_dagrun for file_etl_pipeline to 2026-04-25 00:00:00+00:00, run_after=2026-04-26 00:00:00+00:00
[2026-04-25T10:14:50.430+0000] {processor.py:183} INFO - Processing /opt/airflow/dags/file_etl_dag.py took 0.926 seconds
[2026-04-25T10:15:20.776+0000] {processor.py:161} INFO - Started process (PID=213) to work on /opt/airflow/dags/file_etl_dag.py
[2026-04-25T10:15:20.778+0000] {processor.py:830} INFO - Processing file /opt/airflow/dags/file_etl_dag.py for tasks to queue
[2026-04-25T10:15:20.781+0000] {logging_mixin.py:188} INFO - [2026-04-25T10:15:20.781+0000] {dagbag.py:545} INFO - Filling up the DagBag from /opt/airflow/dags/file_etl_dag.py
[2026-04-25T10:15:21.532+0000] {processor.py:840} INFO - DAG(s) 'file_etl_pipeline' retrieved from /opt/airflow/dags/file_etl_dag.py
[2026-04-25T10:15:21.584+0000] {logging_mixin.py:188} INFO - [2026-04-25T10:15:21.583+0000] {dag.py:3089} INFO - Sync 1 DAGs
[2026-04-25T10:15:21.651+0000] {logging_mixin.py:188} INFO - [2026-04-25T10:15:21.651+0000] {dag.py:3947} INFO - Setting next_dagrun for file_etl_pipeline to 2026-04-25 00:00:00+00:00, run_after=2026-04-26 00:00:00+00:00
[2026-04-25T10:15:21.697+0000] {processor.py:183} INFO - Processing /opt/airflow/dags/file_etl_dag.py took 0.933 seconds
[2026-04-25T10:15:52.034+0000] {processor.py:161} INFO - Started process (PID=219) to work on /opt/airflow/dags/file_etl_dag.py
[2026-04-25T10:15:52.036+0000] {processor.py:830} INFO - Processing file /opt/airflow/dags/file_etl_dag.py for tasks to queue
[2026-04-25T10:15:52.041+0000] {logging_mixin.py:188} INFO - [2026-04-25T10:15:52.040+0000] {dagbag.py:545} INFO - Filling up the DagBag from /opt/airflow/dags/file_etl_dag.py
[2026-04-25T10:15:52.683+0000] {processor.py:840} INFO - DAG(s) 'file_etl_pipeline' retrieved from /opt/airflow/dags/file_etl_dag.py
[2026-04-25T10:15:52.724+0000] {logging_mixin.py:188} INFO - [2026-04-25T10:15:52.723+0000] {dag.py:3089} INFO - Sync 1 DAGs
[2026-04-25T10:15:52.772+0000] {logging_mixin.py:188} INFO - [2026-04-25T10:15:52.772+0000] {dag.py:3947} INFO - Setting next_dagrun for file_etl_pipeline to 2026-04-25 00:00:00+00:00, run_after=2026-04-26 00:00:00+00:00
[2026-04-25T10:15:52.815+0000] {processor.py:183} INFO - Processing /opt/airflow/dags/file_etl_dag.py took 0.791 seconds
[2026-04-25T10:16:23.146+0000] {processor.py:161} INFO - Started process (PID=225) to work on /opt/airflow/dags/file_etl_dag.py
[2026-04-25T10:16:23.148+0000] {processor.py:830} INFO - Processing file /opt/airflow/dags/file_etl_dag.py for tasks to queue
[2026-04-25T10:16:23.151+0000] {logging_mixin.py:188} INFO - [2026-04-25T10:16:23.151+0000] {dagbag.py:545} INFO - Filling up the DagBag from /opt/airflow/dags/file_etl_dag.py
[2026-04-25T10:16:23.685+0000] {processor.py:840} INFO - DAG(s) 'file_etl_pipeline' retrieved from /opt/airflow/dags/file_etl_dag.py
[2026-04-25T10:16:23.721+0000] {logging_mixin.py:188} INFO - [2026-04-25T10:16:23.721+0000] {dag.py:3089} INFO - Sync 1 DAGs
[2026-04-25T10:16:23.766+0000] {logging_mixin.py:188} INFO - [2026-04-25T10:16:23.765+0000] {dag.py:3947} INFO - Setting next_dagrun for file_etl_pipeline to 2026-04-25 00:00:00+00:00, run_after=2026-04-26 00:00:00+00:00
[2026-04-25T10:16:23.806+0000] {processor.py:183} INFO - Processing /opt/airflow/dags/file_etl_dag.py took 0.672 seconds
[2026-04-25T10:16:54.195+0000] {processor.py:161} INFO - Started process (PID=231) to work on /opt/airflow/dags/file_etl_dag.py
[2026-04-25T10:16:54.197+0000] {processor.py:830} INFO - Processing file /opt/airflow/dags/file_etl_dag.py for tasks to queue
[2026-04-25T10:16:54.201+0000] {logging_mixin.py:188} INFO - [2026-04-25T10:16:54.200+0000] {dagbag.py:545} INFO - Filling up the DagBag from /opt/airflow/dags/file_etl_dag.py
[2026-04-25T10:16:54.732+0000] {processor.py:840} INFO - DAG(s) 'file_etl_pipeline' retrieved from /opt/airflow/dags/file_etl_dag.py
[2026-04-25T10:16:54.762+0000] {logging_mixin.py:188} INFO - [2026-04-25T10:16:54.761+0000] {dag.py:3089} INFO - Sync 1 DAGs
[2026-04-25T10:16:54.798+0000] {logging_mixin.py:188} INFO - [2026-04-25T10:16:54.798+0000] {dag.py:3947} INFO - Setting next_dagrun for file_etl_pipeline to 2026-04-25 00:00:00+00:00, run_after=2026-04-26 00:00:00+00:00
[2026-04-25T10:16:54.829+0000] {processor.py:183} INFO - Processing /opt/airflow/dags/file_etl_dag.py took 0.645 seconds
[2026-04-25T10:17:25.122+0000] {processor.py:161} INFO - Started process (PID=237) to work on /opt/airflow/dags/file_etl_dag.py
[2026-04-25T10:17:25.124+0000] {processor.py:830} INFO - Processing file /opt/airflow/dags/file_etl_dag.py for tasks to queue
[2026-04-25T10:17:25.128+0000] {logging_mixin.py:188} INFO - [2026-04-25T10:17:25.127+0000] {dagbag.py:545} INFO - Filling up the DagBag from /opt/airflow/dags/file_etl_dag.py
[2026-04-25T10:17:25.670+0000] {processor.py:840} INFO - DAG(s) 'file_etl_pipeline' retrieved from /opt/airflow/dags/file_etl_dag.py
[2026-04-25T10:17:25.705+0000] {logging_mixin.py:188} INFO - [2026-04-25T10:17:25.704+0000] {dag.py:3089} INFO - Sync 1 DAGs
[2026-04-25T10:17:25.748+0000] {logging_mixin.py:188} INFO - [2026-04-25T10:17:25.748+0000] {dag.py:3947} INFO - Setting next_dagrun for file_etl_pipeline to 2026-04-25 00:00:00+00:00, run_after=2026-04-26 00:00:00+00:00
[2026-04-25T10:17:25.783+0000] {processor.py:183} INFO - Processing /opt/airflow/dags/file_etl_dag.py took 0.670 seconds
[2026-04-25T10:17:55.944+0000] {processor.py:161} INFO - Started process (PID=243) to work on /opt/airflow/dags/file_etl_dag.py
[2026-04-25T10:17:55.947+0000] {processor.py:830} INFO - Processing file /opt/airflow/dags/file_etl_dag.py for tasks to queue
[2026-04-25T10:17:55.952+0000] {logging_mixin.py:188} INFO - [2026-04-25T10:17:55.951+0000] {dagbag.py:545} INFO - Filling up the DagBag from /opt/airflow/dags/file_etl_dag.py
[2026-04-25T10:17:56.673+0000] {processor.py:840} INFO - DAG(s) 'file_etl_pipeline' retrieved from /opt/airflow/dags/file_etl_dag.py
[2026-04-25T10:17:56.709+0000] {logging_mixin.py:188} INFO - [2026-04-25T10:17:56.708+0000] {dag.py:3089} INFO - Sync 1 DAGs
[2026-04-25T10:17:56.765+0000] {logging_mixin.py:188} INFO - [2026-04-25T10:17:56.764+0000] {dag.py:3947} INFO - Setting next_dagrun for file_etl_pipeline to 2026-04-25 00:00:00+00:00, run_after=2026-04-26 00:00:00+00:00
[2026-04-25T10:17:56.814+0000] {processor.py:183} INFO - Processing /opt/airflow/dags/file_etl_dag.py took 0.886 seconds
[2026-04-25T10:18:27.159+0000] {processor.py:161} INFO - Started process (PID=249) to work on /opt/airflow/dags/file_etl_dag.py
[2026-04-25T10:18:27.162+0000] {processor.py:830} INFO - Processing file /opt/airflow/dags/file_etl_dag.py for tasks to queue
[2026-04-25T10:18:27.169+0000] {logging_mixin.py:188} INFO - [2026-04-25T10:18:27.168+0000] {dagbag.py:545} INFO - Filling up the DagBag from /opt/airflow/dags/file_etl_dag.py
[2026-04-25T10:18:28.153+0000] {processor.py:840} INFO - DAG(s) 'file_etl_pipeline' retrieved from /opt/airflow/dags/file_etl_dag.py
[2026-04-25T10:18:28.189+0000] {logging_mixin.py:188} INFO - [2026-04-25T10:18:28.188+0000] {dag.py:3089} INFO - Sync 1 DAGs
[2026-04-25T10:18:28.234+0000] {logging_mixin.py:188} INFO - [2026-04-25T10:18:28.233+0000] {dag.py:3947} INFO - Setting next_dagrun for file_etl_pipeline to 2026-04-25 00:00:00+00:00, run_after=2026-04-26 00:00:00+00:00
[2026-04-25T10:18:28.273+0000] {processor.py:183} INFO - Processing /opt/airflow/dags/file_etl_dag.py took 1.136 seconds
[2026-04-25T10:18:58.522+0000] {processor.py:161} INFO - Started process (PID=255) to work on /opt/airflow/dags/file_etl_dag.py
[2026-04-25T10:18:58.524+0000] {processor.py:830} INFO - Processing file /opt/airflow/dags/file_etl_dag.py for tasks to queue
[2026-04-25T10:18:58.528+0000] {logging_mixin.py:188} INFO - [2026-04-25T10:18:58.528+0000] {dagbag.py:545} INFO - Filling up the DagBag from /opt/airflow/dags/file_etl_dag.py
[2026-04-25T10:18:59.149+0000] {processor.py:840} INFO - DAG(s) 'file_etl_pipeline' retrieved from /opt/airflow/dags/file_etl_dag.py
[2026-04-25T10:18:59.183+0000] {logging_mixin.py:188} INFO - [2026-04-25T10:18:59.183+0000] {dag.py:3089} INFO - Sync 1 DAGs
[2026-04-25T10:18:59.301+0000] {logging_mixin.py:188} INFO - [2026-04-25T10:18:59.301+0000] {dag.py:3947} INFO - Setting next_dagrun for file_etl_pipeline to 2026-04-25 00:00:00+00:00, run_after=2026-04-26 00:00:00+00:00
[2026-04-25T10:18:59.608+0000] {processor.py:183} INFO - Processing /opt/airflow/dags/file_etl_dag.py took 1.100 seconds
[2026-04-25T10:19:29.799+0000] {processor.py:161} INFO - Started process (PID=261) to work on /opt/airflow/dags/file_etl_dag.py
[2026-04-25T10:19:29.803+0000] {processor.py:830} INFO - Processing file /opt/airflow/dags/file_etl_dag.py for tasks to queue
[2026-04-25T10:19:29.812+0000] {logging_mixin.py:188} INFO - [2026-04-25T10:19:29.811+0000] {dagbag.py:545} INFO - Filling up the DagBag from /opt/airflow/dags/file_etl_dag.py
[2026-04-25T10:19:30.534+0000] {processor.py:840} INFO - DAG(s) 'file_etl_pipeline' retrieved from /opt/airflow/dags/file_etl_dag.py
[2026-04-25T10:19:30.569+0000] {logging_mixin.py:188} INFO - [2026-04-25T10:19:30.569+0000] {dag.py:3089} INFO - Sync 1 DAGs
[2026-04-25T10:19:30.618+0000] {logging_mixin.py:188} INFO - [2026-04-25T10:19:30.618+0000] {dag.py:3947} INFO - Setting next_dagrun for file_etl_pipeline to 2026-04-25 00:00:00+00:00, run_after=2026-04-26 00:00:00+00:00
[2026-04-25T10:19:30.656+0000] {processor.py:183} INFO - Processing /opt/airflow/dags/file_etl_dag.py took 0.880 seconds
[2026-04-25T10:20:00.974+0000] {processor.py:161} INFO - Started process (PID=270) to work on /opt/airflow/dags/file_etl_dag.py
[2026-04-25T10:20:00.976+0000] {processor.py:830} INFO - Processing file /opt/airflow/dags/file_etl_dag.py for tasks to queue
[2026-04-25T10:20:00.980+0000] {logging_mixin.py:188} INFO - [2026-04-25T10:20:00.980+0000] {dagbag.py:545} INFO - Filling up the DagBag from /opt/airflow/dags/file_etl_dag.py
[2026-04-25T10:20:01.653+0000] {processor.py:840} INFO - DAG(s) 'file_etl_pipeline' retrieved from /opt/airflow/dags/file_etl_dag.py
[2026-04-25T10:20:01.692+0000] {logging_mixin.py:188} INFO - [2026-04-25T10:20:01.691+0000] {dag.py:3089} INFO - Sync 1 DAGs
[2026-04-25T10:20:01.755+0000] {logging_mixin.py:188} INFO - [2026-04-25T10:20:01.755+0000] {dag.py:3947} INFO - Setting next_dagrun for file_etl_pipeline to 2026-04-25 00:00:00+00:00, run_after=2026-04-26 00:00:00+00:00
[2026-04-25T10:20:01.796+0000] {processor.py:183} INFO - Processing /opt/airflow/dags/file_etl_dag.py took 0.833 seconds
[2026-04-25T10:20:32.091+0000] {processor.py:161} INFO - Started process (PID=276) to work on /opt/airflow/dags/file_etl_dag.py
[2026-04-25T10:20:32.093+0000] {processor.py:830} INFO - Processing file /opt/airflow/dags/file_etl_dag.py for tasks to queue
[2026-04-25T10:20:32.099+0000] {logging_mixin.py:188} INFO - [2026-04-25T10:20:32.098+0000] {dagbag.py:545} INFO - Filling up the DagBag from /opt/airflow/dags/file_etl_dag.py
[2026-04-25T10:20:32.741+0000] {processor.py:840} INFO - DAG(s) 'file_etl_pipeline' retrieved from /opt/airflow/dags/file_etl_dag.py
[2026-04-25T10:20:32.780+0000] {logging_mixin.py:188} INFO - [2026-04-25T10:20:32.780+0000] {dag.py:3089} INFO - Sync 1 DAGs
[2026-04-25T10:20:32.831+0000] {logging_mixin.py:188} INFO - [2026-04-25T10:20:32.830+0000] {dag.py:3947} INFO - Setting next_dagrun for file_etl_pipeline to 2026-04-25 00:00:00+00:00, run_after=2026-04-26 00:00:00+00:00
[2026-04-25T10:20:32.887+0000] {processor.py:183} INFO - Processing /opt/airflow/dags/file_etl_dag.py took 0.824 seconds
[2026-04-25T10:21:03.234+0000] {processor.py:161} INFO - Started process (PID=282) to work on /opt/airflow/dags/file_etl_dag.py
[2026-04-25T10:21:03.237+0000] {processor.py:830} INFO - Processing file /opt/airflow/dags/file_etl_dag.py for tasks to queue
[2026-04-25T10:21:03.243+0000] {logging_mixin.py:188} INFO - [2026-04-25T10:21:03.242+0000] {dagbag.py:545} INFO - Filling up the DagBag from /opt/airflow/dags/file_etl_dag.py
[2026-04-25T10:21:03.791+0000] {processor.py:840} INFO - DAG(s) 'file_etl_pipeline' retrieved from /opt/airflow/dags/file_etl_dag.py
[2026-04-25T10:21:03.825+0000] {logging_mixin.py:188} INFO - [2026-04-25T10:21:03.825+0000] {dag.py:3089} INFO - Sync 1 DAGs
[2026-04-25T10:21:03.866+0000] {logging_mixin.py:188} INFO - [2026-04-25T10:21:03.865+0000] {dag.py:3947} INFO - Setting next_dagrun for file_etl_pipeline to 2026-04-25 00:00:00+00:00, run_after=2026-04-26 00:00:00+00:00
[2026-04-25T10:21:03.902+0000] {processor.py:183} INFO - Processing /opt/airflow/dags/file_etl_dag.py took 0.686 seconds
[2026-04-25T10:21:34.200+0000] {processor.py:161} INFO - Started process (PID=288) to work on /opt/airflow/dags/file_etl_dag.py
[2026-04-25T10:21:34.202+0000] {processor.py:830} INFO - Processing file /opt/airflow/dags/file_etl_dag.py for tasks to queue
[2026-04-25T10:21:34.208+0000] {logging_mixin.py:188} INFO - [2026-04-25T10:21:34.207+0000] {dagbag.py:545} INFO - Filling up the DagBag from /opt/airflow/dags/file_etl_dag.py
[2026-04-25T10:21:34.882+0000] {processor.py:840} INFO - DAG(s) 'file_etl_pipeline' retrieved from /opt/airflow/dags/file_etl_dag.py
[2026-04-25T10:21:34.922+0000] {logging_mixin.py:188} INFO - [2026-04-25T10:21:34.921+0000] {dag.py:3089} INFO - Sync 1 DAGs
[2026-04-25T10:21:34.979+0000] {logging_mixin.py:188} INFO - [2026-04-25T10:21:34.978+0000] {dag.py:3947} INFO - Setting next_dagrun for file_etl_pipeline to 2026-04-25 00:00:00+00:00, run_after=2026-04-26 00:00:00+00:00
[2026-04-25T10:21:35.021+0000] {processor.py:183} INFO - Processing /opt/airflow/dags/file_etl_dag.py took 0.833 seconds
[2026-04-25T10:22:05.373+0000] {processor.py:161} INFO - Started process (PID=294) to work on /opt/airflow/dags/file_etl_dag.py
[2026-04-25T10:22:05.375+0000] {processor.py:830} INFO - Processing file /opt/airflow/dags/file_etl_dag.py for tasks to queue
[2026-04-25T10:22:05.379+0000] {logging_mixin.py:188} INFO - [2026-04-25T10:22:05.378+0000] {dagbag.py:545} INFO - Filling up the DagBag from /opt/airflow/dags/file_etl_dag.py
[2026-04-25T10:22:05.907+0000] {processor.py:840} INFO - DAG(s) 'file_etl_pipeline' retrieved from /opt/airflow/dags/file_etl_dag.py
[2026-04-25T10:22:05.937+0000] {logging_mixin.py:188} INFO - [2026-04-25T10:22:05.937+0000] {dag.py:3089} INFO - Sync 1 DAGs
[2026-04-25T10:22:05.981+0000] {logging_mixin.py:188} INFO - [2026-04-25T10:22:05.981+0000] {dag.py:3947} INFO - Setting next_dagrun for file_etl_pipeline to 2026-04-25 00:00:00+00:00, run_after=2026-04-26 00:00:00+00:00
[2026-04-25T10:22:06.016+0000] {processor.py:183} INFO - Processing /opt/airflow/dags/file_etl_dag.py took 0.652 seconds
[2026-04-25T10:22:36.131+0000] {processor.py:161} INFO - Started process (PID=300) to work on /opt/airflow/dags/file_etl_dag.py
[2026-04-25T10:22:36.132+0000] {processor.py:830} INFO - Processing file /opt/airflow/dags/file_etl_dag.py for tasks to queue
[2026-04-25T10:22:36.135+0000] {logging_mixin.py:188} INFO - [2026-04-25T10:22:36.135+0000] {dagbag.py:545} INFO - Filling up the DagBag from /opt/airflow/dags/file_etl_dag.py
[2026-04-25T10:22:36.710+0000] {processor.py:840} INFO - DAG(s) 'file_etl_pipeline' retrieved from /opt/airflow/dags/file_etl_dag.py
[2026-04-25T10:22:36.738+0000] {logging_mixin.py:188} INFO - [2026-04-25T10:22:36.738+0000] {dag.py:3089} INFO - Sync 1 DAGs
[2026-04-25T10:22:36.777+0000] {logging_mixin.py:188} INFO - [2026-04-25T10:22:36.776+0000] {dag.py:3947} INFO - Setting next_dagrun for file_etl_pipeline to 2026-04-25 00:00:00+00:00, run_after=2026-04-26 00:00:00+00:00
[2026-04-25T10:22:36.808+0000] {processor.py:183} INFO - Processing /opt/airflow/dags/file_etl_dag.py took 0.686 seconds
[2026-04-25T10:23:07.123+0000] {processor.py:161} INFO - Started process (PID=306) to work on /opt/airflow/dags/file_etl_dag.py
[2026-04-25T10:23:07.125+0000] {processor.py:830} INFO - Processing file /opt/airflow/dags/file_etl_dag.py for tasks to queue
[2026-04-25T10:23:07.129+0000] {logging_mixin.py:188} INFO - [2026-04-25T10:23:07.128+0000] {dagbag.py:545} INFO - Filling up the DagBag from /opt/airflow/dags/file_etl_dag.py
[2026-04-25T10:23:07.641+0000] {processor.py:840} INFO - DAG(s) 'file_etl_pipeline' retrieved from /opt/airflow/dags/file_etl_dag.py
[2026-04-25T10:23:07.669+0000] {logging_mixin.py:188} INFO - [2026-04-25T10:23:07.668+0000] {dag.py:3089} INFO - Sync 1 DAGs
[2026-04-25T10:23:07.702+0000] {logging_mixin.py:188} INFO - [2026-04-25T10:23:07.702+0000] {dag.py:3947} INFO - Setting next_dagrun for file_etl_pipeline to 2026-04-25 00:00:00+00:00, run_after=2026-04-26 00:00:00+00:00
[2026-04-25T10:23:07.731+0000] {processor.py:183} INFO - Processing /opt/airflow/dags/file_etl_dag.py took 0.618 seconds
[2026-04-25T10:23:38.018+0000] {processor.py:161} INFO - Started process (PID=312) to work on /opt/airflow/dags/file_etl_dag.py
[2026-04-25T10:23:38.020+0000] {processor.py:830} INFO - Processing file /opt/airflow/dags/file_etl_dag.py for tasks to queue
[2026-04-25T10:23:38.023+0000] {logging_mixin.py:188} INFO - [2026-04-25T10:23:38.023+0000] {dagbag.py:545} INFO - Filling up the DagBag from /opt/airflow/dags/file_etl_dag.py
[2026-04-25T10:23:38.625+0000] {processor.py:840} INFO - DAG(s) 'file_etl_pipeline' retrieved from /opt/airflow/dags/file_etl_dag.py
[2026-04-25T10:23:38.657+0000] {logging_mixin.py:188} INFO - [2026-04-25T10:23:38.657+0000] {dag.py:3089} INFO - Sync 1 DAGs
[2026-04-25T10:23:38.698+0000] {logging_mixin.py:188} INFO - [2026-04-25T10:23:38.698+0000] {dag.py:3947} INFO - Setting next_dagrun for file_etl_pipeline to 2026-04-25 00:00:00+00:00, run_after=2026-04-26 00:00:00+00:00
[2026-04-25T10:23:38.730+0000] {processor.py:183} INFO - Processing /opt/airflow/dags/file_etl_dag.py took 0.725 seconds
[2026-04-25T10:24:08.959+0000] {processor.py:161} INFO - Started process (PID=318) to work on /opt/airflow/dags/file_etl_dag.py
[2026-04-25T10:24:08.961+0000] {processor.py:830} INFO - Processing file /opt/airflow/dags/file_etl_dag.py for tasks to queue
[2026-04-25T10:24:08.966+0000] {logging_mixin.py:188} INFO - [2026-04-25T10:24:08.965+0000] {dagbag.py:545} INFO - Filling up the DagBag from /opt/airflow/dags/file_etl_dag.py
[2026-04-25T10:24:09.505+0000] {processor.py:840} INFO - DAG(s) 'file_etl_pipeline' retrieved from /opt/airflow/dags/file_etl_dag.py
[2026-04-25T10:24:09.538+0000] {logging_mixin.py:188} INFO - [2026-04-25T10:24:09.538+0000] {dag.py:3089} INFO - Sync 1 DAGs
[2026-04-25T10:24:09.591+0000] {logging_mixin.py:188} INFO - [2026-04-25T10:24:09.591+0000] {dag.py:3947} INFO - Setting next_dagrun for file_etl_pipeline to 2026-04-25 00:00:00+00:00, run_after=2026-04-26 00:00:00+00:00
[2026-04-25T10:24:09.635+0000] {processor.py:183} INFO - Processing /opt/airflow/dags/file_etl_dag.py took 0.688 seconds
[2026-04-25T10:25:23.038+0000] {processor.py:161} INFO - Started process (PID=164) to work on /opt/airflow/dags/file_etl_dag.py
[2026-04-25T10:25:23.040+0000] {processor.py:830} INFO - Processing file /opt/airflow/dags/file_etl_dag.py for tasks to queue
[2026-04-25T10:25:23.045+0000] {logging_mixin.py:188} INFO - [2026-04-25T10:25:23.044+0000] {dagbag.py:545} INFO - Filling up the DagBag from /opt/airflow/dags/file_etl_dag.py
[2026-04-25T10:25:24.925+0000] {processor.py:840} INFO - DAG(s) 'file_etl_pipeline' retrieved from /opt/airflow/dags/file_etl_dag.py
[2026-04-25T10:25:24.996+0000] {logging_mixin.py:188} INFO - [2026-04-25T10:25:24.995+0000] {dag.py:3089} INFO - Sync 1 DAGs
[2026-04-25T10:25:25.042+0000] {logging_mixin.py:188} INFO - [2026-04-25T10:25:25.042+0000] {dag.py:3947} INFO - Setting next_dagrun for file_etl_pipeline to 2026-04-25 00:00:00+00:00, run_after=2026-04-26 00:00:00+00:00
[2026-04-25T10:25:25.075+0000] {processor.py:183} INFO - Processing /opt/airflow/dags/file_etl_dag.py took 2.046 seconds
[2026-04-25T10:25:55.399+0000] {processor.py:161} INFO - Started process (PID=170) to work on /opt/airflow/dags/file_etl_dag.py
[2026-04-25T10:25:55.401+0000] {processor.py:830} INFO - Processing file /opt/airflow/dags/file_etl_dag.py for tasks to queue
[2026-04-25T10:25:55.408+0000] {logging_mixin.py:188} INFO - [2026-04-25T10:25:55.407+0000] {dagbag.py:545} INFO - Filling up the DagBag from /opt/airflow/dags/file_etl_dag.py
[2026-04-25T10:25:56.104+0000] {processor.py:840} INFO - DAG(s) 'file_etl_pipeline' retrieved from /opt/airflow/dags/file_etl_dag.py
[2026-04-25T10:25:56.141+0000] {logging_mixin.py:188} INFO - [2026-04-25T10:25:56.140+0000] {dag.py:3089} INFO - Sync 1 DAGs
[2026-04-25T10:25:56.196+0000] {logging_mixin.py:188} INFO - [2026-04-25T10:25:56.196+0000] {dag.py:3947} INFO - Setting next_dagrun for file_etl_pipeline to 2026-04-25 00:00:00+00:00, run_after=2026-04-26 00:00:00+00:00
[2026-04-25T10:25:56.240+0000] {processor.py:183} INFO - Processing /opt/airflow/dags/file_etl_dag.py took 0.860 seconds
[2026-04-25T10:26:26.552+0000] {processor.py:161} INFO - Started process (PID=176) to work on /opt/airflow/dags/file_etl_dag.py
[2026-04-25T10:26:26.555+0000] {processor.py:830} INFO - Processing file /opt/airflow/dags/file_etl_dag.py for tasks to queue
[2026-04-25T10:26:26.560+0000] {logging_mixin.py:188} INFO - [2026-04-25T10:26:26.559+0000] {dagbag.py:545} INFO - Filling up the DagBag from /opt/airflow/dags/file_etl_dag.py
[2026-04-25T10:26:27.221+0000] {processor.py:840} INFO - DAG(s) 'file_etl_pipeline' retrieved from /opt/airflow/dags/file_etl_dag.py
[2026-04-25T10:26:27.254+0000] {logging_mixin.py:188} INFO - [2026-04-25T10:26:27.253+0000] {dag.py:3089} INFO - Sync 1 DAGs
[2026-04-25T10:26:27.292+0000] {logging_mixin.py:188} INFO - [2026-04-25T10:26:27.292+0000] {dag.py:3947} INFO - Setting next_dagrun for file_etl_pipeline to 2026-04-25 00:00:00+00:00, run_after=2026-04-26 00:00:00+00:00
[2026-04-25T10:26:27.327+0000] {processor.py:183} INFO - Processing /opt/airflow/dags/file_etl_dag.py took 0.788 seconds
[2026-04-25T10:26:57.680+0000] {processor.py:161} INFO - Started process (PID=182) to work on /opt/airflow/dags/file_etl_dag.py
[2026-04-25T10:26:57.683+0000] {processor.py:830} INFO - Processing file /opt/airflow/dags/file_etl_dag.py for tasks to queue
[2026-04-25T10:26:57.691+0000] {logging_mixin.py:188} INFO - [2026-04-25T10:26:57.690+0000] {dagbag.py:545} INFO - Filling up the DagBag from /opt/airflow/dags/file_etl_dag.py
[2026-04-25T10:26:58.255+0000] {processor.py:840} INFO - DAG(s) 'file_etl_pipeline' retrieved from /opt/airflow/dags/file_etl_dag.py
[2026-04-25T10:26:58.284+0000] {logging_mixin.py:188} INFO - [2026-04-25T10:26:58.284+0000] {dag.py:3089} INFO - Sync 1 DAGs
[2026-04-25T10:26:58.329+0000] {logging_mixin.py:188} INFO - [2026-04-25T10:26:58.329+0000] {dag.py:3947} INFO - Setting next_dagrun for file_etl_pipeline to 2026-04-25 00:00:00+00:00, run_after=2026-04-26 00:00:00+00:00
[2026-04-25T10:26:58.362+0000] {processor.py:183} INFO - Processing /opt/airflow/dags/file_etl_dag.py took 0.705 seconds
[2026-04-25T10:27:28.670+0000] {processor.py:161} INFO - Started process (PID=188) to work on /opt/airflow/dags/file_etl_dag.py
[2026-04-25T10:27:28.672+0000] {processor.py:830} INFO - Processing file /opt/airflow/dags/file_etl_dag.py for tasks to queue
[2026-04-25T10:27:28.675+0000] {logging_mixin.py:188} INFO - [2026-04-25T10:27:28.675+0000] {dagbag.py:545} INFO - Filling up the DagBag from /opt/airflow/dags/file_etl_dag.py
[2026-04-25T10:27:29.172+0000] {processor.py:840} INFO - DAG(s) 'file_etl_pipeline' retrieved from /opt/airflow/dags/file_etl_dag.py
[2026-04-25T10:27:29.209+0000] {logging_mixin.py:188} INFO - [2026-04-25T10:27:29.208+0000] {dag.py:3089} INFO - Sync 1 DAGs
[2026-04-25T10:27:29.254+0000] {logging_mixin.py:188} INFO - [2026-04-25T10:27:29.254+0000] {dag.py:3947} INFO - Setting next_dagrun for file_etl_pipeline to 2026-04-25 00:00:00+00:00, run_after=2026-04-26 00:00:00+00:00
[2026-04-25T10:27:29.287+0000] {processor.py:183} INFO - Processing /opt/airflow/dags/file_etl_dag.py took 0.628 seconds
[2026-04-25T10:27:59.587+0000] {processor.py:161} INFO - Started process (PID=203) to work on /opt/airflow/dags/file_etl_dag.py
[2026-04-25T10:27:59.589+0000] {processor.py:830} INFO - Processing file /opt/airflow/dags/file_etl_dag.py for tasks to queue
[2026-04-25T10:27:59.592+0000] {logging_mixin.py:188} INFO - [2026-04-25T10:27:59.592+0000] {dagbag.py:545} INFO - Filling up the DagBag from /opt/airflow/dags/file_etl_dag.py
[2026-04-25T10:28:00.166+0000] {processor.py:840} INFO - DAG(s) 'file_etl_pipeline' retrieved from /opt/airflow/dags/file_etl_dag.py
[2026-04-25T10:28:00.198+0000] {logging_mixin.py:188} INFO - [2026-04-25T10:28:00.198+0000] {dag.py:3089} INFO - Sync 1 DAGs
[2026-04-25T10:28:00.239+0000] {logging_mixin.py:188} INFO - [2026-04-25T10:28:00.239+0000] {dag.py:3947} INFO - Setting next_dagrun for file_etl_pipeline to 2026-04-25 00:00:00+00:00, run_after=2026-04-26 00:00:00+00:00
[2026-04-25T10:28:00.276+0000] {processor.py:183} INFO - Processing /opt/airflow/dags/file_etl_dag.py took 0.700 seconds
[2026-04-25T10:28:30.444+0000] {processor.py:161} INFO - Started process (PID=209) to work on /opt/airflow/dags/file_etl_dag.py
[2026-04-25T10:28:30.446+0000] {processor.py:830} INFO - Processing file /opt/airflow/dags/file_etl_dag.py for tasks to queue
[2026-04-25T10:28:30.450+0000] {logging_mixin.py:188} INFO - [2026-04-25T10:28:30.449+0000] {dagbag.py:545} INFO - Filling up the DagBag from /opt/airflow/dags/file_etl_dag.py
[2026-04-25T10:28:31.037+0000] {processor.py:840} INFO - DAG(s) 'file_etl_pipeline' retrieved from /opt/airflow/dags/file_etl_dag.py
[2026-04-25T10:28:31.072+0000] {logging_mixin.py:188} INFO - [2026-04-25T10:28:31.071+0000] {dag.py:3089} INFO - Sync 1 DAGs
[2026-04-25T10:28:31.107+0000] {logging_mixin.py:188} INFO - [2026-04-25T10:28:31.107+0000] {dag.py:3947} INFO - Setting next_dagrun for file_etl_pipeline to 2026-04-25 00:00:00+00:00, run_after=2026-04-26 00:00:00+00:00
[2026-04-25T10:28:31.143+0000] {processor.py:183} INFO - Processing /opt/airflow/dags/file_etl_dag.py took 0.708 seconds
[2026-04-25T10:29:01.453+0000] {processor.py:161} INFO - Started process (PID=215) to work on /opt/airflow/dags/file_etl_dag.py
[2026-04-25T10:29:01.456+0000] {processor.py:830} INFO - Processing file /opt/airflow/dags/file_etl_dag.py for tasks to queue
[2026-04-25T10:29:01.460+0000] {logging_mixin.py:188} INFO - [2026-04-25T10:29:01.459+0000] {dagbag.py:545} INFO - Filling up the DagBag from /opt/airflow/dags/file_etl_dag.py
[2026-04-25T10:29:02.014+0000] {processor.py:840} INFO - DAG(s) 'file_etl_pipeline' retrieved from /opt/airflow/dags/file_etl_dag.py
[2026-04-25T10:29:02.048+0000] {logging_mixin.py:188} INFO - [2026-04-25T10:29:02.047+0000] {dag.py:3089} INFO - Sync 1 DAGs
[2026-04-25T10:29:02.082+0000] {logging_mixin.py:188} INFO - [2026-04-25T10:29:02.082+0000] {dag.py:3947} INFO - Setting next_dagrun for file_etl_pipeline to 2026-04-25 00:00:00+00:00, run_after=2026-04-26 00:00:00+00:00
[2026-04-25T10:29:02.110+0000] {processor.py:183} INFO - Processing /opt/airflow/dags/file_etl_dag.py took 0.670 seconds
[2026-04-25T10:29:32.374+0000] {processor.py:161} INFO - Started process (PID=221) to work on /opt/airflow/dags/file_etl_dag.py
[2026-04-25T10:29:32.375+0000] {processor.py:830} INFO - Processing file /opt/airflow/dags/file_etl_dag.py for tasks to queue
[2026-04-25T10:29:32.378+0000] {logging_mixin.py:188} INFO - [2026-04-25T10:29:32.378+0000] {dagbag.py:545} INFO - Filling up the DagBag from /opt/airflow/dags/file_etl_dag.py
[2026-04-25T10:29:32.878+0000] {processor.py:840} INFO - DAG(s) 'file_etl_pipeline' retrieved from /opt/airflow/dags/file_etl_dag.py
[2026-04-25T10:29:32.918+0000] {logging_mixin.py:188} INFO - [2026-04-25T10:29:32.917+0000] {dag.py:3089} INFO - Sync 1 DAGs
[2026-04-25T10:29:32.977+0000] {logging_mixin.py:188} INFO - [2026-04-25T10:29:32.976+0000] {dag.py:3947} INFO - Setting next_dagrun for file_etl_pipeline to 2026-04-25 00:00:00+00:00, run_after=2026-04-26 00:00:00+00:00
[2026-04-25T10:29:33.017+0000] {processor.py:183} INFO - Processing /opt/airflow/dags/file_etl_dag.py took 0.655 seconds
[2026-04-25T10:30:03.271+0000] {processor.py:161} INFO - Started process (PID=227) to work on /opt/airflow/dags/file_etl_dag.py
[2026-04-25T10:30:03.273+0000] {processor.py:830} INFO - Processing file /opt/airflow/dags/file_etl_dag.py for tasks to queue
[2026-04-25T10:30:03.276+0000] {logging_mixin.py:188} INFO - [2026-04-25T10:30:03.276+0000] {dagbag.py:545} INFO - Filling up the DagBag from /opt/airflow/dags/file_etl_dag.py
[2026-04-25T10:30:03.869+0000] {processor.py:840} INFO - DAG(s) 'file_etl_pipeline' retrieved from /opt/airflow/dags/file_etl_dag.py
[2026-04-25T10:30:03.908+0000] {logging_mixin.py:188} INFO - [2026-04-25T10:30:03.908+0000] {dag.py:3089} INFO - Sync 1 DAGs
[2026-04-25T10:30:03.957+0000] {logging_mixin.py:188} INFO - [2026-04-25T10:30:03.957+0000] {dag.py:3947} INFO - Setting next_dagrun for file_etl_pipeline to 2026-04-25 00:00:00+00:00, run_after=2026-04-26 00:00:00+00:00
[2026-04-25T10:30:03.998+0000] {processor.py:183} INFO - Processing /opt/airflow/dags/file_etl_dag.py took 0.737 seconds
[2026-04-25T10:30:34.362+0000] {processor.py:161} INFO - Started process (PID=233) to work on /opt/airflow/dags/file_etl_dag.py
[2026-04-25T10:30:34.364+0000] {processor.py:830} INFO - Processing file /opt/airflow/dags/file_etl_dag.py for tasks to queue
[2026-04-25T10:30:34.367+0000] {logging_mixin.py:188} INFO - [2026-04-25T10:30:34.366+0000] {dagbag.py:545} INFO - Filling up the DagBag from /opt/airflow/dags/file_etl_dag.py
[2026-04-25T10:30:34.880+0000] {processor.py:840} INFO - DAG(s) 'file_etl_pipeline' retrieved from /opt/airflow/dags/file_etl_dag.py
[2026-04-25T10:30:34.912+0000] {logging_mixin.py:188} INFO - [2026-04-25T10:30:34.911+0000] {dag.py:3089} INFO - Sync 1 DAGs
[2026-04-25T10:30:34.957+0000] {logging_mixin.py:188} INFO - [2026-04-25T10:30:34.956+0000] {dag.py:3947} INFO - Setting next_dagrun for file_etl_pipeline to 2026-04-25 00:00:00+00:00, run_after=2026-04-26 00:00:00+00:00
[2026-04-25T10:30:34.996+0000] {processor.py:183} INFO - Processing /opt/airflow/dags/file_etl_dag.py took 0.646 seconds
[2026-04-25T10:31:05.290+0000] {processor.py:161} INFO - Started process (PID=239) to work on /opt/airflow/dags/file_etl_dag.py
[2026-04-25T10:31:05.292+0000] {processor.py:830} INFO - Processing file /opt/airflow/dags/file_etl_dag.py for tasks to queue
[2026-04-25T10:31:05.295+0000] {logging_mixin.py:188} INFO - [2026-04-25T10:31:05.295+0000] {dagbag.py:545} INFO - Filling up the DagBag from /opt/airflow/dags/file_etl_dag.py
[2026-04-25T10:31:05.826+0000] {processor.py:840} INFO - DAG(s) 'file_etl_pipeline' retrieved from /opt/airflow/dags/file_etl_dag.py
[2026-04-25T10:31:05.861+0000] {logging_mixin.py:188} INFO - [2026-04-25T10:31:05.860+0000] {dag.py:3089} INFO - Sync 1 DAGs
[2026-04-25T10:31:05.906+0000] {logging_mixin.py:188} INFO - [2026-04-25T10:31:05.905+0000] {dag.py:3947} INFO - Setting next_dagrun for file_etl_pipeline to 2026-04-25 00:00:00+00:00, run_after=2026-04-26 00:00:00+00:00
[2026-04-25T10:31:05.943+0000] {processor.py:183} INFO - Processing /opt/airflow/dags/file_etl_dag.py took 0.664 seconds
[2026-04-25T10:31:36.226+0000] {processor.py:161} INFO - Started process (PID=245) to work on /opt/airflow/dags/file_etl_dag.py
[2026-04-25T10:31:36.228+0000] {processor.py:830} INFO - Processing file /opt/airflow/dags/file_etl_dag.py for tasks to queue
[2026-04-25T10:31:36.231+0000] {logging_mixin.py:188} INFO - [2026-04-25T10:31:36.230+0000] {dagbag.py:545} INFO - Filling up the DagBag from /opt/airflow/dags/file_etl_dag.py
[2026-04-25T10:31:36.895+0000] {processor.py:840} INFO - DAG(s) 'file_etl_pipeline' retrieved from /opt/airflow/dags/file_etl_dag.py
[2026-04-25T10:31:36.933+0000] {logging_mixin.py:188} INFO - [2026-04-25T10:31:36.933+0000] {dag.py:3089} INFO - Sync 1 DAGs
[2026-04-25T10:31:36.980+0000] {logging_mixin.py:188} INFO - [2026-04-25T10:31:36.980+0000] {dag.py:3947} INFO - Setting next_dagrun for file_etl_pipeline to 2026-04-25 00:00:00+00:00, run_after=2026-04-26 00:00:00+00:00
[2026-04-25T10:31:37.018+0000] {processor.py:183} INFO - Processing /opt/airflow/dags/file_etl_dag.py took 0.801 seconds
[2026-04-25T10:32:07.168+0000] {processor.py:161} INFO - Started process (PID=251) to work on /opt/airflow/dags/file_etl_dag.py
[2026-04-25T10:32:07.170+0000] {processor.py:830} INFO - Processing file /opt/airflow/dags/file_etl_dag.py for tasks to queue
[2026-04-25T10:32:07.175+0000] {logging_mixin.py:188} INFO - [2026-04-25T10:32:07.174+0000] {dagbag.py:545} INFO - Filling up the DagBag from /opt/airflow/dags/file_etl_dag.py
[2026-04-25T10:32:07.773+0000] {processor.py:840} INFO - DAG(s) 'file_etl_pipeline' retrieved from /opt/airflow/dags/file_etl_dag.py
[2026-04-25T10:32:07.802+0000] {logging_mixin.py:188} INFO - [2026-04-25T10:32:07.801+0000] {dag.py:3089} INFO - Sync 1 DAGs
[2026-04-25T10:32:07.836+0000] {logging_mixin.py:188} INFO - [2026-04-25T10:32:07.835+0000] {dag.py:3947} INFO - Setting next_dagrun for file_etl_pipeline to 2026-04-25 00:00:00+00:00, run_after=2026-04-26 00:00:00+00:00
[2026-04-25T10:32:07.877+0000] {processor.py:183} INFO - Processing /opt/airflow/dags/file_etl_dag.py took 0.721 seconds
[2026-04-25T10:32:38.175+0000] {processor.py:161} INFO - Started process (PID=257) to work on /opt/airflow/dags/file_etl_dag.py
[2026-04-25T10:32:38.176+0000] {processor.py:830} INFO - Processing file /opt/airflow/dags/file_etl_dag.py for tasks to queue
[2026-04-25T10:32:38.179+0000] {logging_mixin.py:188} INFO - [2026-04-25T10:32:38.178+0000] {dagbag.py:545} INFO - Filling up the DagBag from /opt/airflow/dags/file_etl_dag.py
[2026-04-25T10:32:38.717+0000] {processor.py:840} INFO - DAG(s) 'file_etl_pipeline' retrieved from /opt/airflow/dags/file_etl_dag.py
[2026-04-25T10:32:38.749+0000] {logging_mixin.py:188} INFO - [2026-04-25T10:32:38.749+0000] {dag.py:3089} INFO - Sync 1 DAGs
[2026-04-25T10:32:38.789+0000] {logging_mixin.py:188} INFO - [2026-04-25T10:32:38.788+0000] {dag.py:3947} INFO - Setting next_dagrun for file_etl_pipeline to 2026-04-25 00:00:00+00:00, run_after=2026-04-26 00:00:00+00:00
[2026-04-25T10:32:39.026+0000] {processor.py:183} INFO - Processing /opt/airflow/dags/file_etl_dag.py took 0.860 seconds
[2026-04-25T10:33:09.322+0000] {processor.py:161} INFO - Started process (PID=263) to work on /opt/airflow/dags/file_etl_dag.py
[2026-04-25T10:33:09.324+0000] {processor.py:830} INFO - Processing file /opt/airflow/dags/file_etl_dag.py for tasks to queue
[2026-04-25T10:33:09.327+0000] {logging_mixin.py:188} INFO - [2026-04-25T10:33:09.327+0000] {dagbag.py:545} INFO - Filling up the DagBag from /opt/airflow/dags/file_etl_dag.py
[2026-04-25T10:33:09.932+0000] {processor.py:840} INFO - DAG(s) 'file_etl_pipeline' retrieved from /opt/airflow/dags/file_etl_dag.py
[2026-04-25T10:33:09.969+0000] {logging_mixin.py:188} INFO - [2026-04-25T10:33:09.968+0000] {dag.py:3089} INFO - Sync 1 DAGs
[2026-04-25T10:33:10.015+0000] {logging_mixin.py:188} INFO - [2026-04-25T10:33:10.015+0000] {dag.py:3947} INFO - Setting next_dagrun for file_etl_pipeline to 2026-04-25 00:00:00+00:00, run_after=2026-04-26 00:00:00+00:00
[2026-04-25T10:33:10.047+0000] {processor.py:183} INFO - Processing /opt/airflow/dags/file_etl_dag.py took 0.735 seconds
[2026-04-25T10:33:40.353+0000] {processor.py:161} INFO - Started process (PID=269) to work on /opt/airflow/dags/file_etl_dag.py
[2026-04-25T10:33:40.356+0000] {processor.py:830} INFO - Processing file /opt/airflow/dags/file_etl_dag.py for tasks to queue
[2026-04-25T10:33:40.363+0000] {logging_mixin.py:188} INFO - [2026-04-25T10:33:40.362+0000] {dagbag.py:545} INFO - Filling up the DagBag from /opt/airflow/dags/file_etl_dag.py
[2026-04-25T10:33:40.930+0000] {processor.py:840} INFO - DAG(s) 'file_etl_pipeline' retrieved from /opt/airflow/dags/file_etl_dag.py
[2026-04-25T10:33:40.969+0000] {logging_mixin.py:188} INFO - [2026-04-25T10:33:40.969+0000] {dag.py:3089} INFO - Sync 1 DAGs
[2026-04-25T10:33:41.021+0000] {logging_mixin.py:188} INFO - [2026-04-25T10:33:41.020+0000] {dag.py:3947} INFO - Setting next_dagrun for file_etl_pipeline to 2026-04-25 00:00:00+00:00, run_after=2026-04-26 00:00:00+00:00
[2026-04-25T10:33:41.060+0000] {processor.py:183} INFO - Processing /opt/airflow/dags/file_etl_dag.py took 0.725 seconds
[2026-04-25T10:34:11.170+0000] {processor.py:161} INFO - Started process (PID=275) to work on /opt/airflow/dags/file_etl_dag.py
[2026-04-25T10:34:11.171+0000] {processor.py:830} INFO - Processing file /opt/airflow/dags/file_etl_dag.py for tasks to queue
[2026-04-25T10:34:11.175+0000] {logging_mixin.py:188} INFO - [2026-04-25T10:34:11.174+0000] {dagbag.py:545} INFO - Filling up the DagBag from /opt/airflow/dags/file_etl_dag.py
[2026-04-25T10:34:11.732+0000] {processor.py:840} INFO - DAG(s) 'file_etl_pipeline' retrieved from /opt/airflow/dags/file_etl_dag.py
[2026-04-25T10:34:11.768+0000] {logging_mixin.py:188} INFO - [2026-04-25T10:34:11.768+0000] {dag.py:3089} INFO - Sync 1 DAGs
[2026-04-25T10:34:11.826+0000] {logging_mixin.py:188} INFO - [2026-04-25T10:34:11.826+0000] {dag.py:3947} INFO - Setting next_dagrun for file_etl_pipeline to 2026-04-25 00:00:00+00:00, run_after=2026-04-26 00:00:00+00:00
[2026-04-25T10:34:11.868+0000] {processor.py:183} INFO - Processing /opt/airflow/dags/file_etl_dag.py took 0.707 seconds
[2026-04-25T10:34:42.157+0000] {processor.py:161} INFO - Started process (PID=281) to work on /opt/airflow/dags/file_etl_dag.py
[2026-04-25T10:34:42.159+0000] {processor.py:830} INFO - Processing file /opt/airflow/dags/file_etl_dag.py for tasks to queue
[2026-04-25T10:34:42.164+0000] {logging_mixin.py:188} INFO - [2026-04-25T10:34:42.164+0000] {dagbag.py:545} INFO - Filling up the DagBag from /opt/airflow/dags/file_etl_dag.py
[2026-04-25T10:34:42.774+0000] {processor.py:840} INFO - DAG(s) 'file_etl_pipeline' retrieved from /opt/airflow/dags/file_etl_dag.py
[2026-04-25T10:34:42.807+0000] {logging_mixin.py:188} INFO - [2026-04-25T10:34:42.807+0000] {dag.py:3089} INFO - Sync 1 DAGs
[2026-04-25T10:34:42.849+0000] {logging_mixin.py:188} INFO - [2026-04-25T10:34:42.849+0000] {dag.py:3947} INFO - Setting next_dagrun for file_etl_pipeline to 2026-04-25 00:00:00+00:00, run_after=2026-04-26 00:00:00+00:00
[2026-04-25T10:34:42.881+0000] {processor.py:183} INFO - Processing /opt/airflow/dags/file_etl_dag.py took 0.738 seconds
[2026-04-25T10:35:13.163+0000] {processor.py:161} INFO - Started process (PID=287) to work on /opt/airflow/dags/file_etl_dag.py
[2026-04-25T10:35:13.166+0000] {processor.py:830} INFO - Processing file /opt/airflow/dags/file_etl_dag.py for tasks to queue
[2026-04-25T10:35:13.172+0000] {logging_mixin.py:188} INFO - [2026-04-25T10:35:13.171+0000] {dagbag.py:545} INFO - Filling up the DagBag from /opt/airflow/dags/file_etl_dag.py
[2026-04-25T10:35:13.842+0000] {processor.py:840} INFO - DAG(s) 'file_etl_pipeline' retrieved from /opt/airflow/dags/file_etl_dag.py
[2026-04-25T10:35:13.883+0000] {logging_mixin.py:188} INFO - [2026-04-25T10:35:13.882+0000] {dag.py:3089} INFO - Sync 1 DAGs
[2026-04-25T10:35:13.936+0000] {logging_mixin.py:188} INFO - [2026-04-25T10:35:13.936+0000] {dag.py:3947} INFO - Setting next_dagrun for file_etl_pipeline to 2026-04-25 00:00:00+00:00, run_after=2026-04-26 00:00:00+00:00
[2026-04-25T10:35:13.974+0000] {processor.py:183} INFO - Processing /opt/airflow/dags/file_etl_dag.py took 0.824 seconds
[2026-04-25T10:35:44.228+0000] {processor.py:161} INFO - Started process (PID=293) to work on /opt/airflow/dags/file_etl_dag.py
[2026-04-25T10:35:44.230+0000] {processor.py:830} INFO - Processing file /opt/airflow/dags/file_etl_dag.py for tasks to queue
[2026-04-25T10:35:44.233+0000] {logging_mixin.py:188} INFO - [2026-04-25T10:35:44.232+0000] {dagbag.py:545} INFO - Filling up the DagBag from /opt/airflow/dags/file_etl_dag.py
[2026-04-25T10:35:44.696+0000] {processor.py:840} INFO - DAG(s) 'file_etl_pipeline' retrieved from /opt/airflow/dags/file_etl_dag.py
[2026-04-25T10:35:44.726+0000] {logging_mixin.py:188} INFO - [2026-04-25T10:35:44.726+0000] {dag.py:3089} INFO - Sync 1 DAGs
[2026-04-25T10:35:44.763+0000] {logging_mixin.py:188} INFO - [2026-04-25T10:35:44.762+0000] {dag.py:3947} INFO - Setting next_dagrun for file_etl_pipeline to 2026-04-25 00:00:00+00:00, run_after=2026-04-26 00:00:00+00:00
[2026-04-25T10:35:44.971+0000] {processor.py:183} INFO - Processing /opt/airflow/dags/file_etl_dag.py took 0.753 seconds
[2026-04-25T10:36:15.237+0000] {processor.py:161} INFO - Started process (PID=299) to work on /opt/airflow/dags/file_etl_dag.py
[2026-04-25T10:36:15.239+0000] {processor.py:830} INFO - Processing file /opt/airflow/dags/file_etl_dag.py for tasks to queue
[2026-04-25T10:36:15.242+0000] {logging_mixin.py:188} INFO - [2026-04-25T10:36:15.241+0000] {dagbag.py:545} INFO - Filling up the DagBag from /opt/airflow/dags/file_etl_dag.py
[2026-04-25T10:36:15.803+0000] {processor.py:840} INFO - DAG(s) 'file_etl_pipeline' retrieved from /opt/airflow/dags/file_etl_dag.py
[2026-04-25T10:36:15.837+0000] {logging_mixin.py:188} INFO - [2026-04-25T10:36:15.836+0000] {dag.py:3089} INFO - Sync 1 DAGs
[2026-04-25T10:36:15.884+0000] {logging_mixin.py:188} INFO - [2026-04-25T10:36:15.883+0000] {dag.py:3947} INFO - Setting next_dagrun for file_etl_pipeline to 2026-04-25 00:00:00+00:00, run_after=2026-04-26 00:00:00+00:00
[2026-04-25T10:36:15.921+0000] {processor.py:183} INFO - Processing /opt/airflow/dags/file_etl_dag.py took 0.693 seconds
[2026-04-25T10:36:46.211+0000] {processor.py:161} INFO - Started process (PID=305) to work on /opt/airflow/dags/file_etl_dag.py
[2026-04-25T10:36:46.213+0000] {processor.py:830} INFO - Processing file /opt/airflow/dags/file_etl_dag.py for tasks to queue
[2026-04-25T10:36:46.216+0000] {logging_mixin.py:188} INFO - [2026-04-25T10:36:46.216+0000] {dagbag.py:545} INFO - Filling up the DagBag from /opt/airflow/dags/file_etl_dag.py
[2026-04-25T10:36:46.723+0000] {processor.py:840} INFO - DAG(s) 'file_etl_pipeline' retrieved from /opt/airflow/dags/file_etl_dag.py
[2026-04-25T10:36:46.752+0000] {logging_mixin.py:188} INFO - [2026-04-25T10:36:46.752+0000] {dag.py:3089} INFO - Sync 1 DAGs
[2026-04-25T10:36:46.787+0000] {logging_mixin.py:188} INFO - [2026-04-25T10:36:46.787+0000] {dag.py:3947} INFO - Setting next_dagrun for file_etl_pipeline to 2026-04-25 00:00:00+00:00, run_after=2026-04-26 00:00:00+00:00
[2026-04-25T10:36:46.815+0000] {processor.py:183} INFO - Processing /opt/airflow/dags/file_etl_dag.py took 0.614 seconds
[2026-04-25T10:37:17.068+0000] {processor.py:161} INFO - Started process (PID=311) to work on /opt/airflow/dags/file_etl_dag.py
[2026-04-25T10:37:17.070+0000] {processor.py:830} INFO - Processing file /opt/airflow/dags/file_etl_dag.py for tasks to queue
[2026-04-25T10:37:17.073+0000] {logging_mixin.py:188} INFO - [2026-04-25T10:37:17.073+0000] {dagbag.py:545} INFO - Filling up the DagBag from /opt/airflow/dags/file_etl_dag.py
[2026-04-25T10:37:17.629+0000] {processor.py:840} INFO - DAG(s) 'file_etl_pipeline' retrieved from /opt/airflow/dags/file_etl_dag.py
[2026-04-25T10:37:17.663+0000] {logging_mixin.py:188} INFO - [2026-04-25T10:37:17.663+0000] {dag.py:3089} INFO - Sync 1 DAGs
[2026-04-25T10:37:17.708+0000] {logging_mixin.py:188} INFO - [2026-04-25T10:37:17.707+0000] {dag.py:3947} INFO - Setting next_dagrun for file_etl_pipeline to 2026-04-25 00:00:00+00:00, run_after=2026-04-26 00:00:00+00:00
[2026-04-25T10:37:17.749+0000] {processor.py:183} INFO - Processing /opt/airflow/dags/file_etl_dag.py took 0.691 seconds
[2026-04-25T10:37:47.880+0000] {processor.py:161} INFO - Started process (PID=317) to work on /opt/airflow/dags/file_etl_dag.py
[2026-04-25T10:37:47.882+0000] {processor.py:830} INFO - Processing file /opt/airflow/dags/file_etl_dag.py for tasks to queue
[2026-04-25T10:37:47.885+0000] {logging_mixin.py:188} INFO - [2026-04-25T10:37:47.884+0000] {dagbag.py:545} INFO - Filling up the DagBag from /opt/airflow/dags/file_etl_dag.py
[2026-04-25T10:37:48.372+0000] {processor.py:840} INFO - DAG(s) 'file_etl_pipeline' retrieved from /opt/airflow/dags/file_etl_dag.py
[2026-04-25T10:37:48.405+0000] {logging_mixin.py:188} INFO - [2026-04-25T10:37:48.404+0000] {dag.py:3089} INFO - Sync 1 DAGs
[2026-04-25T10:37:48.444+0000] {logging_mixin.py:188} INFO - [2026-04-25T10:37:48.443+0000] {dag.py:3947} INFO - Setting next_dagrun for file_etl_pipeline to 2026-04-25 00:00:00+00:00, run_after=2026-04-26 00:00:00+00:00
[2026-04-25T10:37:48.491+0000] {processor.py:183} INFO - Processing /opt/airflow/dags/file_etl_dag.py took 0.622 seconds
[2026-04-25T10:38:18.768+0000] {processor.py:161} INFO - Started process (PID=323) to work on /opt/airflow/dags/file_etl_dag.py
[2026-04-25T10:38:18.770+0000] {processor.py:830} INFO - Processing file /opt/airflow/dags/file_etl_dag.py for tasks to queue
[2026-04-25T10:38:18.774+0000] {logging_mixin.py:188} INFO - [2026-04-25T10:38:18.774+0000] {dagbag.py:545} INFO - Filling up the DagBag from /opt/airflow/dags/file_etl_dag.py
[2026-04-25T10:38:19.424+0000] {processor.py:840} INFO - DAG(s) 'file_etl_pipeline' retrieved from /opt/airflow/dags/file_etl_dag.py
[2026-04-25T10:38:19.465+0000] {logging_mixin.py:188} INFO - [2026-04-25T10:38:19.464+0000] {dag.py:3089} INFO - Sync 1 DAGs
[2026-04-25T10:38:19.523+0000] {logging_mixin.py:188} INFO - [2026-04-25T10:38:19.522+0000] {dag.py:3947} INFO - Setting next_dagrun for file_etl_pipeline to 2026-04-25 00:00:00+00:00, run_after=2026-04-26 00:00:00+00:00
[2026-04-25T10:38:19.577+0000] {processor.py:183} INFO - Processing /opt/airflow/dags/file_etl_dag.py took 0.823 seconds
[2026-04-25T10:38:49.854+0000] {processor.py:161} INFO - Started process (PID=329) to work on /opt/airflow/dags/file_etl_dag.py
[2026-04-25T10:38:49.856+0000] {processor.py:830} INFO - Processing file /opt/airflow/dags/file_etl_dag.py for tasks to queue
[2026-04-25T10:38:49.858+0000] {logging_mixin.py:188} INFO - [2026-04-25T10:38:49.858+0000] {dagbag.py:545} INFO - Filling up the DagBag from /opt/airflow/dags/file_etl_dag.py
[2026-04-25T10:38:50.397+0000] {processor.py:840} INFO - DAG(s) 'file_etl_pipeline' retrieved from /opt/airflow/dags/file_etl_dag.py
[2026-04-25T10:38:50.433+0000] {logging_mixin.py:188} INFO - [2026-04-25T10:38:50.433+0000] {dag.py:3089} INFO - Sync 1 DAGs
[2026-04-25T10:38:50.481+0000] {logging_mixin.py:188} INFO - [2026-04-25T10:38:50.480+0000] {dag.py:3947} INFO - Setting next_dagrun for file_etl_pipeline to 2026-04-25 00:00:00+00:00, run_after=2026-04-26 00:00:00+00:00
[2026-04-25T10:38:50.772+0000] {processor.py:183} INFO - Processing /opt/airflow/dags/file_etl_dag.py took 0.926 seconds
[2026-04-25T10:39:21.058+0000] {processor.py:161} INFO - Started process (PID=335) to work on /opt/airflow/dags/file_etl_dag.py
[2026-04-25T10:39:21.062+0000] {processor.py:830} INFO - Processing file /opt/airflow/dags/file_etl_dag.py for tasks to queue
[2026-04-25T10:39:21.065+0000] {logging_mixin.py:188} INFO - [2026-04-25T10:39:21.065+0000] {dagbag.py:545} INFO - Filling up the DagBag from /opt/airflow/dags/file_etl_dag.py
[2026-04-25T10:39:21.613+0000] {processor.py:840} INFO - DAG(s) 'file_etl_pipeline' retrieved from /opt/airflow/dags/file_etl_dag.py
[2026-04-25T10:39:21.640+0000] {logging_mixin.py:188} INFO - [2026-04-25T10:39:21.640+0000] {dag.py:3089} INFO - Sync 1 DAGs
[2026-04-25T10:39:21.683+0000] {logging_mixin.py:188} INFO - [2026-04-25T10:39:21.682+0000] {dag.py:3947} INFO - Setting next_dagrun for file_etl_pipeline to 2026-04-25 00:00:00+00:00, run_after=2026-04-26 00:00:00+00:00
[2026-04-25T10:39:21.717+0000] {processor.py:183} INFO - Processing /opt/airflow/dags/file_etl_dag.py took 0.672 seconds
[2026-04-25T10:39:51.830+0000] {processor.py:161} INFO - Started process (PID=341) to work on /opt/airflow/dags/file_etl_dag.py
[2026-04-25T10:39:51.832+0000] {processor.py:830} INFO - Processing file /opt/airflow/dags/file_etl_dag.py for tasks to queue
[2026-04-25T10:39:51.835+0000] {logging_mixin.py:188} INFO - [2026-04-25T10:39:51.835+0000] {dagbag.py:545} INFO - Filling up the DagBag from /opt/airflow/dags/file_etl_dag.py
[2026-04-25T10:39:52.373+0000] {processor.py:840} INFO - DAG(s) 'file_etl_pipeline' retrieved from /opt/airflow/dags/file_etl_dag.py
[2026-04-25T10:39:52.403+0000] {logging_mixin.py:188} INFO - [2026-04-25T10:39:52.402+0000] {dag.py:3089} INFO - Sync 1 DAGs
[2026-04-25T10:39:52.444+0000] {logging_mixin.py:188} INFO - [2026-04-25T10:39:52.444+0000] {dag.py:3947} INFO - Setting next_dagrun for file_etl_pipeline to 2026-04-25 00:00:00+00:00, run_after=2026-04-26 00:00:00+00:00
[2026-04-25T10:39:52.485+0000] {processor.py:183} INFO - Processing /opt/airflow/dags/file_etl_dag.py took 0.666 seconds
[2026-04-25T10:40:22.751+0000] {processor.py:161} INFO - Started process (PID=347) to work on /opt/airflow/dags/file_etl_dag.py
[2026-04-25T10:40:22.752+0000] {processor.py:830} INFO - Processing file /opt/airflow/dags/file_etl_dag.py for tasks to queue
[2026-04-25T10:40:22.755+0000] {logging_mixin.py:188} INFO - [2026-04-25T10:40:22.755+0000] {dagbag.py:545} INFO - Filling up the DagBag from /opt/airflow/dags/file_etl_dag.py
[2026-04-25T10:40:23.264+0000] {processor.py:840} INFO - DAG(s) 'file_etl_pipeline' retrieved from /opt/airflow/dags/file_etl_dag.py
[2026-04-25T10:40:23.292+0000] {logging_mixin.py:188} INFO - [2026-04-25T10:40:23.291+0000] {dag.py:3089} INFO - Sync 1 DAGs
[2026-04-25T10:40:23.330+0000] {logging_mixin.py:188} INFO - [2026-04-25T10:40:23.329+0000] {dag.py:3947} INFO - Setting next_dagrun for file_etl_pipeline to 2026-04-25 00:00:00+00:00, run_after=2026-04-26 00:00:00+00:00
[2026-04-25T10:40:23.361+0000] {processor.py:183} INFO - Processing /opt/airflow/dags/file_etl_dag.py took 0.618 seconds
[2026-04-25T10:40:53.455+0000] {processor.py:161} INFO - Started process (PID=353) to work on /opt/airflow/dags/file_etl_dag.py
[2026-04-25T10:40:53.457+0000] {processor.py:830} INFO - Processing file /opt/airflow/dags/file_etl_dag.py for tasks to queue
[2026-04-25T10:40:53.461+0000] {logging_mixin.py:188} INFO - [2026-04-25T10:40:53.460+0000] {dagbag.py:545} INFO - Filling up the DagBag from /opt/airflow/dags/file_etl_dag.py
[2026-04-25T10:40:54.017+0000] {processor.py:840} INFO - DAG(s) 'file_etl_pipeline' retrieved from /opt/airflow/dags/file_etl_dag.py
[2026-04-25T10:40:54.052+0000] {logging_mixin.py:188} INFO - [2026-04-25T10:40:54.051+0000] {dag.py:3089} INFO - Sync 1 DAGs
[2026-04-25T10:40:54.094+0000] {logging_mixin.py:188} INFO - [2026-04-25T10:40:54.094+0000] {dag.py:3947} INFO - Setting next_dagrun for file_etl_pipeline to 2026-04-25 00:00:00+00:00, run_after=2026-04-26 00:00:00+00:00
[2026-04-25T10:40:54.128+0000] {processor.py:183} INFO - Processing /opt/airflow/dags/file_etl_dag.py took 0.684 seconds
[2026-04-25T10:41:24.419+0000] {processor.py:161} INFO - Started process (PID=359) to work on /opt/airflow/dags/file_etl_dag.py
[2026-04-25T10:41:24.420+0000] {processor.py:830} INFO - Processing file /opt/airflow/dags/file_etl_dag.py for tasks to queue
[2026-04-25T10:41:24.423+0000] {logging_mixin.py:188} INFO - [2026-04-25T10:41:24.423+0000] {dagbag.py:545} INFO - Filling up the DagBag from /opt/airflow/dags/file_etl_dag.py
[2026-04-25T10:41:24.952+0000] {processor.py:840} INFO - DAG(s) 'file_etl_pipeline' retrieved from /opt/airflow/dags/file_etl_dag.py
[2026-04-25T10:41:24.980+0000] {logging_mixin.py:188} INFO - [2026-04-25T10:41:24.979+0000] {dag.py:3089} INFO - Sync 1 DAGs
[2026-04-25T10:41:25.015+0000] {logging_mixin.py:188} INFO - [2026-04-25T10:41:25.015+0000] {dag.py:3947} INFO - Setting next_dagrun for file_etl_pipeline to 2026-04-25 00:00:00+00:00, run_after=2026-04-26 00:00:00+00:00
[2026-04-25T10:41:25.049+0000] {processor.py:183} INFO - Processing /opt/airflow/dags/file_etl_dag.py took 0.641 seconds
[2026-04-25T10:41:55.319+0000] {processor.py:161} INFO - Started process (PID=365) to work on /opt/airflow/dags/file_etl_dag.py
[2026-04-25T10:41:55.322+0000] {processor.py:830} INFO - Processing file /opt/airflow/dags/file_etl_dag.py for tasks to queue
[2026-04-25T10:41:55.325+0000] {logging_mixin.py:188} INFO - [2026-04-25T10:41:55.325+0000] {dagbag.py:545} INFO - Filling up the DagBag from /opt/airflow/dags/file_etl_dag.py
[2026-04-25T10:41:55.916+0000] {processor.py:840} INFO - DAG(s) 'file_etl_pipeline' retrieved from /opt/airflow/dags/file_etl_dag.py
[2026-04-25T10:41:55.947+0000] {logging_mixin.py:188} INFO - [2026-04-25T10:41:55.947+0000] {dag.py:3089} INFO - Sync 1 DAGs
[2026-04-25T10:41:55.984+0000] {logging_mixin.py:188} INFO - [2026-04-25T10:41:55.984+0000] {dag.py:3947} INFO - Setting next_dagrun for file_etl_pipeline to 2026-04-25 00:00:00+00:00, run_after=2026-04-26 00:00:00+00:00
[2026-04-25T10:41:56.171+0000] {processor.py:183} INFO - Processing /opt/airflow/dags/file_etl_dag.py took 0.862 seconds
[2026-04-25T10:42:26.434+0000] {processor.py:161} INFO - Started process (PID=371) to work on /opt/airflow/dags/file_etl_dag.py
[2026-04-25T10:42:26.436+0000] {processor.py:830} INFO - Processing file /opt/airflow/dags/file_etl_dag.py for tasks to queue
[2026-04-25T10:42:26.439+0000] {logging_mixin.py:188} INFO - [2026-04-25T10:42:26.439+0000] {dagbag.py:545} INFO - Filling up the DagBag from /opt/airflow/dags/file_etl_dag.py
[2026-04-25T10:42:26.942+0000] {processor.py:840} INFO - DAG(s) 'file_etl_pipeline' retrieved from /opt/airflow/dags/file_etl_dag.py
[2026-04-25T10:42:26.976+0000] {logging_mixin.py:188} INFO - [2026-04-25T10:42:26.976+0000] {dag.py:3089} INFO - Sync 1 DAGs
[2026-04-25T10:42:27.015+0000] {logging_mixin.py:188} INFO - [2026-04-25T10:42:27.015+0000] {dag.py:3947} INFO - Setting next_dagrun for file_etl_pipeline to 2026-04-25 00:00:00+00:00, run_after=2026-04-26 00:00:00+00:00
[2026-04-25T10:42:27.045+0000] {processor.py:183} INFO - Processing /opt/airflow/dags/file_etl_dag.py took 0.619 seconds
[2026-04-25T10:42:57.327+0000] {processor.py:161} INFO - Started process (PID=377) to work on /opt/airflow/dags/file_etl_dag.py
[2026-04-25T10:42:57.329+0000] {processor.py:830} INFO - Processing file /opt/airflow/dags/file_etl_dag.py for tasks to queue
[2026-04-25T10:42:57.334+0000] {logging_mixin.py:188} INFO - [2026-04-25T10:42:57.333+0000] {dagbag.py:545} INFO - Filling up the DagBag from /opt/airflow/dags/file_etl_dag.py
[2026-04-25T10:42:57.854+0000] {processor.py:840} INFO - DAG(s) 'file_etl_pipeline' retrieved from /opt/airflow/dags/file_etl_dag.py
[2026-04-25T10:42:57.889+0000] {logging_mixin.py:188} INFO - [2026-04-25T10:42:57.888+0000] {dag.py:3089} INFO - Sync 1 DAGs
[2026-04-25T10:42:57.932+0000] {logging_mixin.py:188} INFO - [2026-04-25T10:42:57.932+0000] {dag.py:3947} INFO - Setting next_dagrun for file_etl_pipeline to 2026-04-25 00:00:00+00:00, run_after=2026-04-26 00:00:00+00:00
[2026-04-25T10:42:57.963+0000] {processor.py:183} INFO - Processing /opt/airflow/dags/file_etl_dag.py took 0.647 seconds
[2026-04-25T10:43:28.257+0000] {processor.py:161} INFO - Started process (PID=383) to work on /opt/airflow/dags/file_etl_dag.py
[2026-04-25T10:43:28.260+0000] {processor.py:830} INFO - Processing file /opt/airflow/dags/file_etl_dag.py for tasks to queue
[2026-04-25T10:43:28.266+0000] {logging_mixin.py:188} INFO - [2026-04-25T10:43:28.265+0000] {dagbag.py:545} INFO - Filling up the DagBag from /opt/airflow/dags/file_etl_dag.py
[2026-04-25T10:43:28.888+0000] {processor.py:840} INFO - DAG(s) 'file_etl_pipeline' retrieved from /opt/airflow/dags/file_etl_dag.py
[2026-04-25T10:43:28.920+0000] {logging_mixin.py:188} INFO - [2026-04-25T10:43:28.919+0000] {dag.py:3089} INFO - Sync 1 DAGs
[2026-04-25T10:43:28.960+0000] {logging_mixin.py:188} INFO - [2026-04-25T10:43:28.960+0000] {dag.py:3947} INFO - Setting next_dagrun for file_etl_pipeline to 2026-04-25 00:00:00+00:00, run_after=2026-04-26 00:00:00+00:00
[2026-04-25T10:43:28.991+0000] {processor.py:183} INFO - Processing /opt/airflow/dags/file_etl_dag.py took 0.749 seconds
[2026-04-25T10:43:59.252+0000] {processor.py:161} INFO - Started process (PID=389) to work on /opt/airflow/dags/file_etl_dag.py
[2026-04-25T10:43:59.253+0000] {processor.py:830} INFO - Processing file /opt/airflow/dags/file_etl_dag.py for tasks to queue
[2026-04-25T10:43:59.258+0000] {logging_mixin.py:188} INFO - [2026-04-25T10:43:59.257+0000] {dagbag.py:545} INFO - Filling up the DagBag from /opt/airflow/dags/file_etl_dag.py
[2026-04-25T10:43:59.752+0000] {processor.py:840} INFO - DAG(s) 'file_etl_pipeline' retrieved from /opt/airflow/dags/file_etl_dag.py
[2026-04-25T10:43:59.782+0000] {logging_mixin.py:188} INFO - [2026-04-25T10:43:59.781+0000] {dag.py:3089} INFO - Sync 1 DAGs
[2026-04-25T10:43:59.816+0000] {logging_mixin.py:188} INFO - [2026-04-25T10:43:59.816+0000] {dag.py:3947} INFO - Setting next_dagrun for file_etl_pipeline to 2026-04-25 00:00:00+00:00, run_after=2026-04-26 00:00:00+00:00
[2026-04-25T10:43:59.844+0000] {processor.py:183} INFO - Processing /opt/airflow/dags/file_etl_dag.py took 0.602 seconds
[2026-04-25T10:44:30.116+0000] {processor.py:161} INFO - Started process (PID=395) to work on /opt/airflow/dags/file_etl_dag.py
[2026-04-25T10:44:30.118+0000] {processor.py:830} INFO - Processing file /opt/airflow/dags/file_etl_dag.py for tasks to queue
[2026-04-25T10:44:30.122+0000] {logging_mixin.py:188} INFO - [2026-04-25T10:44:30.121+0000] {dagbag.py:545} INFO - Filling up the DagBag from /opt/airflow/dags/file_etl_dag.py
[2026-04-25T10:44:30.695+0000] {processor.py:840} INFO - DAG(s) 'file_etl_pipeline' retrieved from /opt/airflow/dags/file_etl_dag.py
[2026-04-25T10:44:30.735+0000] {logging_mixin.py:188} INFO - [2026-04-25T10:44:30.735+0000] {dag.py:3089} INFO - Sync 1 DAGs
[2026-04-25T10:44:30.790+0000] {logging_mixin.py:188} INFO - [2026-04-25T10:44:30.790+0000] {dag.py:3947} INFO - Setting next_dagrun for file_etl_pipeline to 2026-04-25 00:00:00+00:00, run_after=2026-04-26 00:00:00+00:00
[2026-04-25T10:44:30.845+0000] {processor.py:183} INFO - Processing /opt/airflow/dags/file_etl_dag.py took 0.742 seconds
[2026-04-25T10:45:01.127+0000] {processor.py:161} INFO - Started process (PID=401) to work on /opt/airflow/dags/file_etl_dag.py
[2026-04-25T10:45:01.129+0000] {processor.py:830} INFO - Processing file /opt/airflow/dags/file_etl_dag.py for tasks to queue
[2026-04-25T10:45:01.131+0000] {logging_mixin.py:188} INFO - [2026-04-25T10:45:01.131+0000] {dagbag.py:545} INFO - Filling up the DagBag from /opt/airflow/dags/file_etl_dag.py
[2026-04-25T10:45:01.623+0000] {processor.py:840} INFO - DAG(s) 'file_etl_pipeline' retrieved from /opt/airflow/dags/file_etl_dag.py
[2026-04-25T10:45:01.653+0000] {logging_mixin.py:188} INFO - [2026-04-25T10:45:01.653+0000] {dag.py:3089} INFO - Sync 1 DAGs
[2026-04-25T10:45:01.696+0000] {logging_mixin.py:188} INFO - [2026-04-25T10:45:01.696+0000] {dag.py:3947} INFO - Setting next_dagrun for file_etl_pipeline to 2026-04-25 00:00:00+00:00, run_after=2026-04-26 00:00:00+00:00
[2026-04-25T10:45:01.912+0000] {processor.py:183} INFO - Processing /opt/airflow/dags/file_etl_dag.py took 0.795 seconds
[2026-04-25T10:45:32.197+0000] {processor.py:161} INFO - Started process (PID=407) to work on /opt/airflow/dags/file_etl_dag.py
[2026-04-25T10:45:32.199+0000] {processor.py:830} INFO - Processing file /opt/airflow/dags/file_etl_dag.py for tasks to queue
[2026-04-25T10:45:32.203+0000] {logging_mixin.py:188} INFO - [2026-04-25T10:45:32.202+0000] {dagbag.py:545} INFO - Filling up the DagBag from /opt/airflow/dags/file_etl_dag.py
[2026-04-25T10:45:32.712+0000] {processor.py:840} INFO - DAG(s) 'file_etl_pipeline' retrieved from /opt/airflow/dags/file_etl_dag.py
[2026-04-25T10:45:32.741+0000] {logging_mixin.py:188} INFO - [2026-04-25T10:45:32.740+0000] {dag.py:3089} INFO - Sync 1 DAGs
[2026-04-25T10:45:32.776+0000] {logging_mixin.py:188} INFO - [2026-04-25T10:45:32.776+0000] {dag.py:3947} INFO - Setting next_dagrun for file_etl_pipeline to 2026-04-25 00:00:00+00:00, run_after=2026-04-26 00:00:00+00:00
[2026-04-25T10:45:32.803+0000] {processor.py:183} INFO - Processing /opt/airflow/dags/file_etl_dag.py took 0.616 seconds
[2026-04-25T10:46:03.064+0000] {processor.py:161} INFO - Started process (PID=413) to work on /opt/airflow/dags/file_etl_dag.py
[2026-04-25T10:46:03.066+0000] {processor.py:830} INFO - Processing file /opt/airflow/dags/file_etl_dag.py for tasks to queue
[2026-04-25T10:46:03.069+0000] {logging_mixin.py:188} INFO - [2026-04-25T10:46:03.069+0000] {dagbag.py:545} INFO - Filling up the DagBag from /opt/airflow/dags/file_etl_dag.py
[2026-04-25T10:46:03.762+0000] {processor.py:840} INFO - DAG(s) 'file_etl_pipeline' retrieved from /opt/airflow/dags/file_etl_dag.py
[2026-04-25T10:46:03.805+0000] {logging_mixin.py:188} INFO - [2026-04-25T10:46:03.804+0000] {dag.py:3089} INFO - Sync 1 DAGs
[2026-04-25T10:46:03.843+0000] {logging_mixin.py:188} INFO - [2026-04-25T10:46:03.843+0000] {dag.py:3947} INFO - Setting next_dagrun for file_etl_pipeline to 2026-04-25 00:00:00+00:00, run_after=2026-04-26 00:00:00+00:00
[2026-04-25T10:46:03.873+0000] {processor.py:183} INFO - Processing /opt/airflow/dags/file_etl_dag.py took 0.820 seconds
[2026-04-25T10:46:34.152+0000] {processor.py:161} INFO - Started process (PID=419) to work on /opt/airflow/dags/file_etl_dag.py
[2026-04-25T10:46:34.154+0000] {processor.py:830} INFO - Processing file /opt/airflow/dags/file_etl_dag.py for tasks to queue
[2026-04-25T10:46:34.158+0000] {logging_mixin.py:188} INFO - [2026-04-25T10:46:34.157+0000] {dagbag.py:545} INFO - Filling up the DagBag from /opt/airflow/dags/file_etl_dag.py
[2026-04-25T10:46:34.625+0000] {processor.py:840} INFO - DAG(s) 'file_etl_pipeline' retrieved from /opt/airflow/dags/file_etl_dag.py
[2026-04-25T10:46:34.656+0000] {logging_mixin.py:188} INFO - [2026-04-25T10:46:34.656+0000] {dag.py:3089} INFO - Sync 1 DAGs
[2026-04-25T10:46:34.692+0000] {logging_mixin.py:188} INFO - [2026-04-25T10:46:34.692+0000] {dag.py:3947} INFO - Setting next_dagrun for file_etl_pipeline to 2026-04-25 00:00:00+00:00, run_after=2026-04-26 00:00:00+00:00
[2026-04-25T10:46:34.725+0000] {processor.py:183} INFO - Processing /opt/airflow/dags/file_etl_dag.py took 0.583 seconds
[2026-04-25T10:47:04.828+0000] {processor.py:161} INFO - Started process (PID=425) to work on /opt/airflow/dags/file_etl_dag.py
[2026-04-25T10:47:04.830+0000] {processor.py:830} INFO - Processing file /opt/airflow/dags/file_etl_dag.py for tasks to queue
[2026-04-25T10:47:04.833+0000] {logging_mixin.py:188} INFO - [2026-04-25T10:47:04.833+0000] {dagbag.py:545} INFO - Filling up the DagBag from /opt/airflow/dags/file_etl_dag.py
[2026-04-25T10:47:05.339+0000] {processor.py:840} INFO - DAG(s) 'file_etl_pipeline' retrieved from /opt/airflow/dags/file_etl_dag.py
[2026-04-25T10:47:05.372+0000] {logging_mixin.py:188} INFO - [2026-04-25T10:47:05.371+0000] {dag.py:3089} INFO - Sync 1 DAGs
[2026-04-25T10:47:05.407+0000] {logging_mixin.py:188} INFO - [2026-04-25T10:47:05.407+0000] {dag.py:3947} INFO - Setting next_dagrun for file_etl_pipeline to 2026-04-25 00:00:00+00:00, run_after=2026-04-26 00:00:00+00:00
[2026-04-25T10:47:05.436+0000] {processor.py:183} INFO - Processing /opt/airflow/dags/file_etl_dag.py took 0.619 seconds
[2026-04-25T10:47:35.712+0000] {processor.py:161} INFO - Started process (PID=431) to work on /opt/airflow/dags/file_etl_dag.py
[2026-04-25T10:47:35.714+0000] {processor.py:830} INFO - Processing file /opt/airflow/dags/file_etl_dag.py for tasks to queue
[2026-04-25T10:47:35.718+0000] {logging_mixin.py:188} INFO - [2026-04-25T10:47:35.717+0000] {dagbag.py:545} INFO - Filling up the DagBag from /opt/airflow/dags/file_etl_dag.py
[2026-04-25T10:47:36.300+0000] {processor.py:840} INFO - DAG(s) 'file_etl_pipeline' retrieved from /opt/airflow/dags/file_etl_dag.py
[2026-04-25T10:47:36.337+0000] {logging_mixin.py:188} INFO - [2026-04-25T10:47:36.336+0000] {dag.py:3089} INFO - Sync 1 DAGs
[2026-04-25T10:47:36.397+0000] {logging_mixin.py:188} INFO - [2026-04-25T10:47:36.396+0000] {dag.py:3947} INFO - Setting next_dagrun for file_etl_pipeline to 2026-04-25 00:00:00+00:00, run_after=2026-04-26 00:00:00+00:00
[2026-04-25T10:47:36.454+0000] {processor.py:183} INFO - Processing /opt/airflow/dags/file_etl_dag.py took 0.756 seconds
[2026-04-25T10:48:06.737+0000] {processor.py:161} INFO - Started process (PID=437) to work on /opt/airflow/dags/file_etl_dag.py
[2026-04-25T10:48:06.739+0000] {processor.py:830} INFO - Processing file /opt/airflow/dags/file_etl_dag.py for tasks to queue
[2026-04-25T10:48:06.742+0000] {logging_mixin.py:188} INFO - [2026-04-25T10:48:06.742+0000] {dagbag.py:545} INFO - Filling up the DagBag from /opt/airflow/dags/file_etl_dag.py
[2026-04-25T10:48:07.522+0000] {processor.py:840} INFO - DAG(s) 'file_etl_pipeline' retrieved from /opt/airflow/dags/file_etl_dag.py
[2026-04-25T10:48:07.565+0000] {logging_mixin.py:188} INFO - [2026-04-25T10:48:07.564+0000] {dag.py:3089} INFO - Sync 1 DAGs
[2026-04-25T10:48:07.627+0000] {logging_mixin.py:188} INFO - [2026-04-25T10:48:07.626+0000] {dag.py:3947} INFO - Setting next_dagrun for file_etl_pipeline to 2026-04-25 00:00:00+00:00, run_after=2026-04-26 00:00:00+00:00
[2026-04-25T10:48:07.933+0000] {processor.py:183} INFO - Processing /opt/airflow/dags/file_etl_dag.py took 1.206 seconds
[2026-04-25T10:48:38.240+0000] {processor.py:161} INFO - Started process (PID=443) to work on /opt/airflow/dags/file_etl_dag.py
[2026-04-25T10:48:38.242+0000] {processor.py:830} INFO - Processing file /opt/airflow/dags/file_etl_dag.py for tasks to queue
[2026-04-25T10:48:38.246+0000] {logging_mixin.py:188} INFO - [2026-04-25T10:48:38.245+0000] {dagbag.py:545} INFO - Filling up the DagBag from /opt/airflow/dags/file_etl_dag.py
[2026-04-25T10:48:38.934+0000] {processor.py:840} INFO - DAG(s) 'file_etl_pipeline' retrieved from /opt/airflow/dags/file_etl_dag.py
[2026-04-25T10:48:38.964+0000] {logging_mixin.py:188} INFO - [2026-04-25T10:48:38.964+0000] {dag.py:3089} INFO - Sync 1 DAGs
[2026-04-25T10:48:39.004+0000] {logging_mixin.py:188} INFO - [2026-04-25T10:48:39.003+0000] {dag.py:3947} INFO - Setting next_dagrun for file_etl_pipeline to 2026-04-25 00:00:00+00:00, run_after=2026-04-26 00:00:00+00:00
[2026-04-25T10:48:39.035+0000] {processor.py:183} INFO - Processing /opt/airflow/dags/file_etl_dag.py took 0.808 seconds
[2026-04-25T10:49:09.177+0000] {processor.py:161} INFO - Started process (PID=449) to work on /opt/airflow/dags/file_etl_dag.py
[2026-04-25T10:49:09.179+0000] {processor.py:830} INFO - Processing file /opt/airflow/dags/file_etl_dag.py for tasks to queue
[2026-04-25T10:49:09.182+0000] {logging_mixin.py:188} INFO - [2026-04-25T10:49:09.181+0000] {dagbag.py:545} INFO - Filling up the DagBag from /opt/airflow/dags/file_etl_dag.py
[2026-04-25T10:49:09.739+0000] {processor.py:840} INFO - DAG(s) 'file_etl_pipeline' retrieved from /opt/airflow/dags/file_etl_dag.py
[2026-04-25T10:49:09.776+0000] {logging_mixin.py:188} INFO - [2026-04-25T10:49:09.776+0000] {dag.py:3089} INFO - Sync 1 DAGs
[2026-04-25T10:49:09.823+0000] {logging_mixin.py:188} INFO - [2026-04-25T10:49:09.823+0000] {dag.py:3947} INFO - Setting next_dagrun for file_etl_pipeline to 2026-04-25 00:00:00+00:00, run_after=2026-04-26 00:00:00+00:00
[2026-04-25T10:49:09.860+0000] {processor.py:183} INFO - Processing /opt/airflow/dags/file_etl_dag.py took 0.691 seconds
[2026-04-25T10:49:40.166+0000] {processor.py:161} INFO - Started process (PID=455) to work on /opt/airflow/dags/file_etl_dag.py
[2026-04-25T10:49:40.168+0000] {processor.py:830} INFO - Processing file /opt/airflow/dags/file_etl_dag.py for tasks to queue
[2026-04-25T10:49:40.172+0000] {logging_mixin.py:188} INFO - [2026-04-25T10:49:40.172+0000] {dagbag.py:545} INFO - Filling up the DagBag from /opt/airflow/dags/file_etl_dag.py
[2026-04-25T10:49:40.664+0000] {processor.py:840} INFO - DAG(s) 'file_etl_pipeline' retrieved from /opt/airflow/dags/file_etl_dag.py
[2026-04-25T10:49:40.693+0000] {logging_mixin.py:188} INFO - [2026-04-25T10:49:40.693+0000] {dag.py:3089} INFO - Sync 1 DAGs
[2026-04-25T10:49:40.730+0000] {logging_mixin.py:188} INFO - [2026-04-25T10:49:40.730+0000] {dag.py:3947} INFO - Setting next_dagrun for file_etl_pipeline to 2026-04-25 00:00:00+00:00, run_after=2026-04-26 00:00:00+00:00
[2026-04-25T10:49:40.766+0000] {processor.py:183} INFO - Processing /opt/airflow/dags/file_etl_dag.py took 0.613 seconds
[2026-04-25T10:50:11.022+0000] {processor.py:161} INFO - Started process (PID=461) to work on /opt/airflow/dags/file_etl_dag.py
[2026-04-25T10:50:11.024+0000] {processor.py:830} INFO - Processing file /opt/airflow/dags/file_etl_dag.py for tasks to queue
[2026-04-25T10:50:11.028+0000] {logging_mixin.py:188} INFO - [2026-04-25T10:50:11.027+0000] {dagbag.py:545} INFO - Filling up the DagBag from /opt/airflow/dags/file_etl_dag.py
[2026-04-25T10:50:11.525+0000] {processor.py:840} INFO - DAG(s) 'file_etl_pipeline' retrieved from /opt/airflow/dags/file_etl_dag.py
[2026-04-25T10:50:11.556+0000] {logging_mixin.py:188} INFO - [2026-04-25T10:50:11.556+0000] {dag.py:3089} INFO - Sync 1 DAGs
[2026-04-25T10:50:11.598+0000] {logging_mixin.py:188} INFO - [2026-04-25T10:50:11.598+0000] {dag.py:3947} INFO - Setting next_dagrun for file_etl_pipeline to 2026-04-25 00:00:00+00:00, run_after=2026-04-26 00:00:00+00:00
[2026-04-25T10:50:11.628+0000] {processor.py:183} INFO - Processing /opt/airflow/dags/file_etl_dag.py took 0.619 seconds
[2026-04-25T10:50:41.944+0000] {processor.py:161} INFO - Started process (PID=467) to work on /opt/airflow/dags/file_etl_dag.py
[2026-04-25T10:50:41.946+0000] {processor.py:830} INFO - Processing file /opt/airflow/dags/file_etl_dag.py for tasks to queue
[2026-04-25T10:50:41.949+0000] {logging_mixin.py:188} INFO - [2026-04-25T10:50:41.948+0000] {dagbag.py:545} INFO - Filling up the DagBag from /opt/airflow/dags/file_etl_dag.py
[2026-04-25T10:50:42.451+0000] {processor.py:840} INFO - DAG(s) 'file_etl_pipeline' retrieved from /opt/airflow/dags/file_etl_dag.py
[2026-04-25T10:50:42.480+0000] {logging_mixin.py:188} INFO - [2026-04-25T10:50:42.480+0000] {dag.py:3089} INFO - Sync 1 DAGs
[2026-04-25T10:50:42.520+0000] {logging_mixin.py:188} INFO - [2026-04-25T10:50:42.520+0000] {dag.py:3947} INFO - Setting next_dagrun for file_etl_pipeline to 2026-04-25 00:00:00+00:00, run_after=2026-04-26 00:00:00+00:00
[2026-04-25T10:50:42.552+0000] {processor.py:183} INFO - Processing /opt/airflow/dags/file_etl_dag.py took 0.616 seconds
[2026-04-25T10:51:12.844+0000] {processor.py:161} INFO - Started process (PID=473) to work on /opt/airflow/dags/file_etl_dag.py
[2026-04-25T10:51:12.846+0000] {processor.py:830} INFO - Processing file /opt/airflow/dags/file_etl_dag.py for tasks to queue
[2026-04-25T10:51:12.856+0000] {logging_mixin.py:188} INFO - [2026-04-25T10:51:12.855+0000] {dagbag.py:545} INFO - Filling up the DagBag from /opt/airflow/dags/file_etl_dag.py
[2026-04-25T10:51:13.435+0000] {processor.py:840} INFO - DAG(s) 'file_etl_pipeline' retrieved from /opt/airflow/dags/file_etl_dag.py
[2026-04-25T10:51:13.465+0000] {logging_mixin.py:188} INFO - [2026-04-25T10:51:13.464+0000] {dag.py:3089} INFO - Sync 1 DAGs
[2026-04-25T10:51:13.512+0000] {logging_mixin.py:188} INFO - [2026-04-25T10:51:13.512+0000] {dag.py:3947} INFO - Setting next_dagrun for file_etl_pipeline to 2026-04-25 00:00:00+00:00, run_after=2026-04-26 00:00:00+00:00
[2026-04-25T10:51:13.794+0000] {processor.py:183} INFO - Processing /opt/airflow/dags/file_etl_dag.py took 0.965 seconds
[2026-04-25T10:51:44.064+0000] {processor.py:161} INFO - Started process (PID=479) to work on /opt/airflow/dags/file_etl_dag.py
[2026-04-25T10:51:44.066+0000] {processor.py:830} INFO - Processing file /opt/airflow/dags/file_etl_dag.py for tasks to queue
[2026-04-25T10:51:44.071+0000] {logging_mixin.py:188} INFO - [2026-04-25T10:51:44.071+0000] {dagbag.py:545} INFO - Filling up the DagBag from /opt/airflow/dags/file_etl_dag.py
[2026-04-25T10:51:44.781+0000] {processor.py:840} INFO - DAG(s) 'file_etl_pipeline' retrieved from /opt/airflow/dags/file_etl_dag.py
[2026-04-25T10:51:44.847+0000] {logging_mixin.py:188} INFO - [2026-04-25T10:51:44.846+0000] {dag.py:3089} INFO - Sync 1 DAGs
[2026-04-25T10:51:44.933+0000] {logging_mixin.py:188} INFO - [2026-04-25T10:51:44.932+0000] {dag.py:3947} INFO - Setting next_dagrun for file_etl_pipeline to 2026-04-25 00:00:00+00:00, run_after=2026-04-26 00:00:00+00:00
[2026-04-25T10:51:45.031+0000] {processor.py:183} INFO - Processing /opt/airflow/dags/file_etl_dag.py took 0.979 seconds
[2026-04-25T10:52:15.306+0000] {processor.py:161} INFO - Started process (PID=485) to work on /opt/airflow/dags/file_etl_dag.py
[2026-04-25T10:52:15.308+0000] {processor.py:830} INFO - Processing file /opt/airflow/dags/file_etl_dag.py for tasks to queue
[2026-04-25T10:52:15.310+0000] {logging_mixin.py:188} INFO - [2026-04-25T10:52:15.310+0000] {dagbag.py:545} INFO - Filling up the DagBag from /opt/airflow/dags/file_etl_dag.py
[2026-04-25T10:52:15.794+0000] {processor.py:840} INFO - DAG(s) 'file_etl_pipeline' retrieved from /opt/airflow/dags/file_etl_dag.py
[2026-04-25T10:52:15.822+0000] {logging_mixin.py:188} INFO - [2026-04-25T10:52:15.822+0000] {dag.py:3089} INFO - Sync 1 DAGs
[2026-04-25T10:52:15.860+0000] {logging_mixin.py:188} INFO - [2026-04-25T10:52:15.860+0000] {dag.py:3947} INFO - Setting next_dagrun for file_etl_pipeline to 2026-04-25 00:00:00+00:00, run_after=2026-04-26 00:00:00+00:00
[2026-04-25T10:52:15.888+0000] {processor.py:183} INFO - Processing /opt/airflow/dags/file_etl_dag.py took 0.590 seconds
[2026-04-25T10:52:46.158+0000] {processor.py:161} INFO - Started process (PID=491) to work on /opt/airflow/dags/file_etl_dag.py
[2026-04-25T10:52:46.159+0000] {processor.py:830} INFO - Processing file /opt/airflow/dags/file_etl_dag.py for tasks to queue
[2026-04-25T10:52:46.162+0000] {logging_mixin.py:188} INFO - [2026-04-25T10:52:46.162+0000] {dagbag.py:545} INFO - Filling up the DagBag from /opt/airflow/dags/file_etl_dag.py
[2026-04-25T10:52:46.721+0000] {processor.py:840} INFO - DAG(s) 'file_etl_pipeline' retrieved from /opt/airflow/dags/file_etl_dag.py
[2026-04-25T10:52:46.760+0000] {logging_mixin.py:188} INFO - [2026-04-25T10:52:46.759+0000] {dag.py:3089} INFO - Sync 1 DAGs
[2026-04-25T10:52:46.809+0000] {logging_mixin.py:188} INFO - [2026-04-25T10:52:46.808+0000] {dag.py:3947} INFO - Setting next_dagrun for file_etl_pipeline to 2026-04-25 00:00:00+00:00, run_after=2026-04-26 00:00:00+00:00
[2026-04-25T10:52:46.849+0000] {processor.py:183} INFO - Processing /opt/airflow/dags/file_etl_dag.py took 0.699 seconds
[2026-04-25T10:53:17.141+0000] {processor.py:161} INFO - Started process (PID=497) to work on /opt/airflow/dags/file_etl_dag.py
[2026-04-25T10:53:17.143+0000] {processor.py:830} INFO - Processing file /opt/airflow/dags/file_etl_dag.py for tasks to queue
[2026-04-25T10:53:17.148+0000] {logging_mixin.py:188} INFO - [2026-04-25T10:53:17.147+0000] {dagbag.py:545} INFO - Filling up the DagBag from /opt/airflow/dags/file_etl_dag.py
[2026-04-25T10:53:17.656+0000] {processor.py:840} INFO - DAG(s) 'file_etl_pipeline' retrieved from /opt/airflow/dags/file_etl_dag.py
[2026-04-25T10:53:17.688+0000] {logging_mixin.py:188} INFO - [2026-04-25T10:53:17.687+0000] {dag.py:3089} INFO - Sync 1 DAGs
[2026-04-25T10:53:17.729+0000] {logging_mixin.py:188} INFO - [2026-04-25T10:53:17.729+0000] {dag.py:3947} INFO - Setting next_dagrun for file_etl_pipeline to 2026-04-25 00:00:00+00:00, run_after=2026-04-26 00:00:00+00:00
[2026-04-25T10:53:17.769+0000] {processor.py:183} INFO - Processing /opt/airflow/dags/file_etl_dag.py took 0.644 seconds
[2026-04-25T10:53:47.920+0000] {processor.py:161} INFO - Started process (PID=503) to work on /opt/airflow/dags/file_etl_dag.py
[2026-04-25T10:53:47.921+0000] {processor.py:830} INFO - Processing file /opt/airflow/dags/file_etl_dag.py for tasks to queue
[2026-04-25T10:53:47.923+0000] {logging_mixin.py:188} INFO - [2026-04-25T10:53:47.923+0000] {dagbag.py:545} INFO - Filling up the DagBag from /opt/airflow/dags/file_etl_dag.py
[2026-04-25T10:53:48.322+0000] {processor.py:840} INFO - DAG(s) 'file_etl_pipeline' retrieved from /opt/airflow/dags/file_etl_dag.py
[2026-04-25T10:53:48.347+0000] {logging_mixin.py:188} INFO - [2026-04-25T10:53:48.347+0000] {dag.py:3089} INFO - Sync 1 DAGs
[2026-04-25T10:53:48.386+0000] {logging_mixin.py:188} INFO - [2026-04-25T10:53:48.386+0000] {dag.py:3947} INFO - Setting next_dagrun for file_etl_pipeline to 2026-04-25 00:00:00+00:00, run_after=2026-04-26 00:00:00+00:00
[2026-04-25T10:53:48.658+0000] {processor.py:183} INFO - Processing /opt/airflow/dags/file_etl_dag.py took 0.744 seconds
[2026-04-25T10:54:18.866+0000] {processor.py:161} INFO - Started process (PID=509) to work on /opt/airflow/dags/file_etl_dag.py
[2026-04-25T10:54:18.867+0000] {processor.py:830} INFO - Processing file /opt/airflow/dags/file_etl_dag.py for tasks to queue
[2026-04-25T10:54:18.869+0000] {logging_mixin.py:188} INFO - [2026-04-25T10:54:18.869+0000] {dagbag.py:545} INFO - Filling up the DagBag from /opt/airflow/dags/file_etl_dag.py
[2026-04-25T10:54:19.226+0000] {processor.py:840} INFO - DAG(s) 'file_etl_pipeline' retrieved from /opt/airflow/dags/file_etl_dag.py
[2026-04-25T10:54:19.250+0000] {logging_mixin.py:188} INFO - [2026-04-25T10:54:19.249+0000] {dag.py:3089} INFO - Sync 1 DAGs
[2026-04-25T10:54:19.276+0000] {logging_mixin.py:188} INFO - [2026-04-25T10:54:19.276+0000] {dag.py:3947} INFO - Setting next_dagrun for file_etl_pipeline to 2026-04-25 00:00:00+00:00, run_after=2026-04-26 00:00:00+00:00
[2026-04-25T10:54:19.298+0000] {processor.py:183} INFO - Processing /opt/airflow/dags/file_etl_dag.py took 0.439 seconds
[2026-04-25T10:54:49.520+0000] {processor.py:161} INFO - Started process (PID=515) to work on /opt/airflow/dags/file_etl_dag.py
[2026-04-25T10:54:49.521+0000] {processor.py:830} INFO - Processing file /opt/airflow/dags/file_etl_dag.py for tasks to queue
[2026-04-25T10:54:49.523+0000] {logging_mixin.py:188} INFO - [2026-04-25T10:54:49.523+0000] {dagbag.py:545} INFO - Filling up the DagBag from /opt/airflow/dags/file_etl_dag.py
[2026-04-25T10:54:49.854+0000] {processor.py:840} INFO - DAG(s) 'file_etl_pipeline' retrieved from /opt/airflow/dags/file_etl_dag.py
[2026-04-25T10:54:49.875+0000] {logging_mixin.py:188} INFO - [2026-04-25T10:54:49.874+0000] {dag.py:3089} INFO - Sync 1 DAGs
[2026-04-25T10:54:49.900+0000] {logging_mixin.py:188} INFO - [2026-04-25T10:54:49.900+0000] {dag.py:3947} INFO - Setting next_dagrun for file_etl_pipeline to 2026-04-25 00:00:00+00:00, run_after=2026-04-26 00:00:00+00:00
[2026-04-25T10:54:49.922+0000] {processor.py:183} INFO - Processing /opt/airflow/dags/file_etl_dag.py took 0.408 seconds
[2026-04-25T10:55:20.172+0000] {processor.py:161} INFO - Started process (PID=521) to work on /opt/airflow/dags/file_etl_dag.py
[2026-04-25T10:55:20.174+0000] {processor.py:830} INFO - Processing file /opt/airflow/dags/file_etl_dag.py for tasks to queue
[2026-04-25T10:55:20.179+0000] {logging_mixin.py:188} INFO - [2026-04-25T10:55:20.178+0000] {dagbag.py:545} INFO - Filling up the DagBag from /opt/airflow/dags/file_etl_dag.py
[2026-04-25T10:55:20.543+0000] {processor.py:840} INFO - DAG(s) 'file_etl_pipeline' retrieved from /opt/airflow/dags/file_etl_dag.py
[2026-04-25T10:55:20.567+0000] {logging_mixin.py:188} INFO - [2026-04-25T10:55:20.567+0000] {dag.py:3089} INFO - Sync 1 DAGs
[2026-04-25T10:55:20.595+0000] {logging_mixin.py:188} INFO - [2026-04-25T10:55:20.595+0000] {dag.py:3947} INFO - Setting next_dagrun for file_etl_pipeline to 2026-04-25 00:00:00+00:00, run_after=2026-04-26 00:00:00+00:00
[2026-04-25T10:55:20.622+0000] {processor.py:183} INFO - Processing /opt/airflow/dags/file_etl_dag.py took 0.466 seconds
[2026-04-25T10:55:50.904+0000] {processor.py:161} INFO - Started process (PID=527) to work on /opt/airflow/dags/file_etl_dag.py
[2026-04-25T10:55:50.906+0000] {processor.py:830} INFO - Processing file /opt/airflow/dags/file_etl_dag.py for tasks to queue
[2026-04-25T10:55:50.910+0000] {logging_mixin.py:188} INFO - [2026-04-25T10:55:50.910+0000] {dagbag.py:545} INFO - Filling up the DagBag from /opt/airflow/dags/file_etl_dag.py
[2026-04-25T10:55:51.302+0000] {processor.py:840} INFO - DAG(s) 'file_etl_pipeline' retrieved from /opt/airflow/dags/file_etl_dag.py
[2026-04-25T10:55:51.715+0000] {logging_mixin.py:188} INFO - [2026-04-25T10:55:51.715+0000] {dag.py:3089} INFO - Sync 1 DAGs
[2026-04-25T10:55:51.738+0000] {logging_mixin.py:188} INFO - [2026-04-25T10:55:51.738+0000] {dag.py:3947} INFO - Setting next_dagrun for file_etl_pipeline to 2026-04-25 00:00:00+00:00, run_after=2026-04-26 00:00:00+00:00
[2026-04-25T10:55:51.764+0000] {processor.py:183} INFO - Processing /opt/airflow/dags/file_etl_dag.py took 0.868 seconds
[2026-04-25T10:56:22.068+0000] {processor.py:161} INFO - Started process (PID=533) to work on /opt/airflow/dags/file_etl_dag.py
[2026-04-25T10:56:22.070+0000] {processor.py:830} INFO - Processing file /opt/airflow/dags/file_etl_dag.py for tasks to queue
[2026-04-25T10:56:22.072+0000] {logging_mixin.py:188} INFO - [2026-04-25T10:56:22.071+0000] {dagbag.py:545} INFO - Filling up the DagBag from /opt/airflow/dags/file_etl_dag.py
[2026-04-25T10:56:22.401+0000] {processor.py:840} INFO - DAG(s) 'file_etl_pipeline' retrieved from /opt/airflow/dags/file_etl_dag.py
[2026-04-25T10:56:22.422+0000] {logging_mixin.py:188} INFO - [2026-04-25T10:56:22.421+0000] {dag.py:3089} INFO - Sync 1 DAGs
[2026-04-25T10:56:22.447+0000] {logging_mixin.py:188} INFO - [2026-04-25T10:56:22.447+0000] {dag.py:3947} INFO - Setting next_dagrun for file_etl_pipeline to 2026-04-25 00:00:00+00:00, run_after=2026-04-26 00:00:00+00:00
[2026-04-25T10:56:22.468+0000] {processor.py:183} INFO - Processing /opt/airflow/dags/file_etl_dag.py took 0.406 seconds
[2026-04-25T10:56:52.736+0000] {processor.py:161} INFO - Started process (PID=539) to work on /opt/airflow/dags/file_etl_dag.py
[2026-04-25T10:56:52.737+0000] {processor.py:830} INFO - Processing file /opt/airflow/dags/file_etl_dag.py for tasks to queue
[2026-04-25T10:56:52.739+0000] {logging_mixin.py:188} INFO - [2026-04-25T10:56:52.739+0000] {dagbag.py:545} INFO - Filling up the DagBag from /opt/airflow/dags/file_etl_dag.py
[2026-04-25T10:56:53.072+0000] {processor.py:840} INFO - DAG(s) 'file_etl_pipeline' retrieved from /opt/airflow/dags/file_etl_dag.py
[2026-04-25T10:56:53.340+0000] {logging_mixin.py:188} INFO - [2026-04-25T10:56:53.340+0000] {dag.py:3089} INFO - Sync 1 DAGs
[2026-04-25T10:56:53.362+0000] {logging_mixin.py:188} INFO - [2026-04-25T10:56:53.362+0000] {dag.py:3947} INFO - Setting next_dagrun for file_etl_pipeline to 2026-04-25 00:00:00+00:00, run_after=2026-04-26 00:00:00+00:00
[2026-04-25T10:56:53.383+0000] {processor.py:183} INFO - Processing /opt/airflow/dags/file_etl_dag.py took 0.654 seconds
[2026-04-25T10:57:23.585+0000] {processor.py:161} INFO - Started process (PID=545) to work on /opt/airflow/dags/file_etl_dag.py
[2026-04-25T10:57:23.586+0000] {processor.py:830} INFO - Processing file /opt/airflow/dags/file_etl_dag.py for tasks to queue
[2026-04-25T10:57:23.588+0000] {logging_mixin.py:188} INFO - [2026-04-25T10:57:23.588+0000] {dagbag.py:545} INFO - Filling up the DagBag from /opt/airflow/dags/file_etl_dag.py
[2026-04-25T10:57:23.936+0000] {processor.py:840} INFO - DAG(s) 'file_etl_pipeline' retrieved from /opt/airflow/dags/file_etl_dag.py
[2026-04-25T10:57:23.958+0000] {logging_mixin.py:188} INFO - [2026-04-25T10:57:23.957+0000] {dag.py:3089} INFO - Sync 1 DAGs
[2026-04-25T10:57:24.141+0000] {logging_mixin.py:188} INFO - [2026-04-25T10:57:24.141+0000] {dag.py:3947} INFO - Setting next_dagrun for file_etl_pipeline to 2026-04-25 00:00:00+00:00, run_after=2026-04-26 00:00:00+00:00
[2026-04-25T10:57:24.162+0000] {processor.py:183} INFO - Processing /opt/airflow/dags/file_etl_dag.py took 0.584 seconds
[2026-04-25T10:57:54.440+0000] {processor.py:161} INFO - Started process (PID=551) to work on /opt/airflow/dags/file_etl_dag.py
[2026-04-25T10:57:54.441+0000] {processor.py:830} INFO - Processing file /opt/airflow/dags/file_etl_dag.py for tasks to queue
[2026-04-25T10:57:54.443+0000] {logging_mixin.py:188} INFO - [2026-04-25T10:57:54.443+0000] {dagbag.py:545} INFO - Filling up the DagBag from /opt/airflow/dags/file_etl_dag.py
[2026-04-25T10:57:54.781+0000] {processor.py:840} INFO - DAG(s) 'file_etl_pipeline' retrieved from /opt/airflow/dags/file_etl_dag.py
[2026-04-25T10:57:55.047+0000] {logging_mixin.py:188} INFO - [2026-04-25T10:57:55.047+0000] {dag.py:3089} INFO - Sync 1 DAGs
[2026-04-25T10:57:55.068+0000] {logging_mixin.py:188} INFO - [2026-04-25T10:57:55.068+0000] {dag.py:3947} INFO - Setting next_dagrun for file_etl_pipeline to 2026-04-25 00:00:00+00:00, run_after=2026-04-26 00:00:00+00:00
[2026-04-25T10:57:55.091+0000] {processor.py:183} INFO - Processing /opt/airflow/dags/file_etl_dag.py took 0.657 seconds
[2026-04-25T10:58:25.349+0000] {processor.py:161} INFO - Started process (PID=557) to work on /opt/airflow/dags/file_etl_dag.py
[2026-04-25T10:58:25.350+0000] {processor.py:830} INFO - Processing file /opt/airflow/dags/file_etl_dag.py for tasks to queue
[2026-04-25T10:58:25.352+0000] {logging_mixin.py:188} INFO - [2026-04-25T10:58:25.352+0000] {dagbag.py:545} INFO - Filling up the DagBag from /opt/airflow/dags/file_etl_dag.py
[2026-04-25T10:58:25.682+0000] {processor.py:840} INFO - DAG(s) 'file_etl_pipeline' retrieved from /opt/airflow/dags/file_etl_dag.py
[2026-04-25T10:58:25.704+0000] {logging_mixin.py:188} INFO - [2026-04-25T10:58:25.703+0000] {dag.py:3089} INFO - Sync 1 DAGs
[2026-04-25T10:58:25.729+0000] {logging_mixin.py:188} INFO - [2026-04-25T10:58:25.729+0000] {dag.py:3947} INFO - Setting next_dagrun for file_etl_pipeline to 2026-04-25 00:00:00+00:00, run_after=2026-04-26 00:00:00+00:00
[2026-04-25T10:58:25.753+0000] {processor.py:183} INFO - Processing /opt/airflow/dags/file_etl_dag.py took 0.411 seconds
[2026-04-25T10:58:56.041+0000] {processor.py:161} INFO - Started process (PID=563) to work on /opt/airflow/dags/file_etl_dag.py
[2026-04-25T10:58:56.042+0000] {processor.py:830} INFO - Processing file /opt/airflow/dags/file_etl_dag.py for tasks to queue
[2026-04-25T10:58:56.044+0000] {logging_mixin.py:188} INFO - [2026-04-25T10:58:56.044+0000] {dagbag.py:545} INFO - Filling up the DagBag from /opt/airflow/dags/file_etl_dag.py
[2026-04-25T10:58:56.371+0000] {processor.py:840} INFO - DAG(s) 'file_etl_pipeline' retrieved from /opt/airflow/dags/file_etl_dag.py
[2026-04-25T10:58:56.628+0000] {logging_mixin.py:188} INFO - [2026-04-25T10:58:56.628+0000] {dag.py:3089} INFO - Sync 1 DAGs
[2026-04-25T10:58:56.647+0000] {logging_mixin.py:188} INFO - [2026-04-25T10:58:56.647+0000] {dag.py:3947} INFO - Setting next_dagrun for file_etl_pipeline to 2026-04-25 00:00:00+00:00, run_after=2026-04-26 00:00:00+00:00
[2026-04-25T10:58:56.669+0000] {processor.py:183} INFO - Processing /opt/airflow/dags/file_etl_dag.py took 0.634 seconds
[2026-04-25T10:59:26.860+0000] {processor.py:161} INFO - Started process (PID=569) to work on /opt/airflow/dags/file_etl_dag.py
[2026-04-25T10:59:26.861+0000] {processor.py:830} INFO - Processing file /opt/airflow/dags/file_etl_dag.py for tasks to queue
[2026-04-25T10:59:26.863+0000] {logging_mixin.py:188} INFO - [2026-04-25T10:59:26.863+0000] {dagbag.py:545} INFO - Filling up the DagBag from /opt/airflow/dags/file_etl_dag.py
[2026-04-25T10:59:27.193+0000] {processor.py:840} INFO - DAG(s) 'file_etl_pipeline' retrieved from /opt/airflow/dags/file_etl_dag.py
[2026-04-25T10:59:27.217+0000] {logging_mixin.py:188} INFO - [2026-04-25T10:59:27.216+0000] {dag.py:3089} INFO - Sync 1 DAGs
[2026-04-25T10:59:27.245+0000] {logging_mixin.py:188} INFO - [2026-04-25T10:59:27.245+0000] {dag.py:3947} INFO - Setting next_dagrun for file_etl_pipeline to 2026-04-25 00:00:00+00:00, run_after=2026-04-26 00:00:00+00:00
[2026-04-25T10:59:27.268+0000] {processor.py:183} INFO - Processing /opt/airflow/dags/file_etl_dag.py took 0.415 seconds
[2026-04-25T10:59:57.576+0000] {processor.py:161} INFO - Started process (PID=575) to work on /opt/airflow/dags/file_etl_dag.py
[2026-04-25T10:59:57.577+0000] {processor.py:830} INFO - Processing file /opt/airflow/dags/file_etl_dag.py for tasks to queue
[2026-04-25T10:59:57.579+0000] {logging_mixin.py:188} INFO - [2026-04-25T10:59:57.578+0000] {dagbag.py:545} INFO - Filling up the DagBag from /opt/airflow/dags/file_etl_dag.py
[2026-04-25T10:59:57.919+0000] {processor.py:840} INFO - DAG(s) 'file_etl_pipeline' retrieved from /opt/airflow/dags/file_etl_dag.py
[2026-04-25T10:59:58.175+0000] {logging_mixin.py:188} INFO - [2026-04-25T10:59:58.175+0000] {dag.py:3089} INFO - Sync 1 DAGs
[2026-04-25T10:59:58.197+0000] {logging_mixin.py:188} INFO - [2026-04-25T10:59:58.197+0000] {dag.py:3947} INFO - Setting next_dagrun for file_etl_pipeline to 2026-04-25 00:00:00+00:00, run_after=2026-04-26 00:00:00+00:00
[2026-04-25T10:59:58.217+0000] {processor.py:183} INFO - Processing /opt/airflow/dags/file_etl_dag.py took 0.648 seconds
[2026-04-25T11:00:28.459+0000] {processor.py:161} INFO - Started process (PID=581) to work on /opt/airflow/dags/file_etl_dag.py
[2026-04-25T11:00:28.460+0000] {processor.py:830} INFO - Processing file /opt/airflow/dags/file_etl_dag.py for tasks to queue
[2026-04-25T11:00:28.463+0000] {logging_mixin.py:188} INFO - [2026-04-25T11:00:28.463+0000] {dagbag.py:545} INFO - Filling up the DagBag from /opt/airflow/dags/file_etl_dag.py
[2026-04-25T11:00:28.786+0000] {processor.py:840} INFO - DAG(s) 'file_etl_pipeline' retrieved from /opt/airflow/dags/file_etl_dag.py
[2026-04-25T11:00:28.808+0000] {logging_mixin.py:188} INFO - [2026-04-25T11:00:28.807+0000] {dag.py:3089} INFO - Sync 1 DAGs
[2026-04-25T11:00:28.987+0000] {logging_mixin.py:188} INFO - [2026-04-25T11:00:28.986+0000] {dag.py:3947} INFO - Setting next_dagrun for file_etl_pipeline to 2026-04-25 00:00:00+00:00, run_after=2026-04-26 00:00:00+00:00
[2026-04-25T11:00:29.008+0000] {processor.py:183} INFO - Processing /opt/airflow/dags/file_etl_dag.py took 0.555 seconds
[2026-04-25T11:00:59.319+0000] {processor.py:161} INFO - Started process (PID=587) to work on /opt/airflow/dags/file_etl_dag.py
[2026-04-25T11:00:59.320+0000] {processor.py:830} INFO - Processing file /opt/airflow/dags/file_etl_dag.py for tasks to queue
[2026-04-25T11:00:59.322+0000] {logging_mixin.py:188} INFO - [2026-04-25T11:00:59.322+0000] {dagbag.py:545} INFO - Filling up the DagBag from /opt/airflow/dags/file_etl_dag.py
[2026-04-25T11:00:59.650+0000] {processor.py:840} INFO - DAG(s) 'file_etl_pipeline' retrieved from /opt/airflow/dags/file_etl_dag.py
[2026-04-25T11:00:59.907+0000] {logging_mixin.py:188} INFO - [2026-04-25T11:00:59.907+0000] {dag.py:3089} INFO - Sync 1 DAGs
[2026-04-25T11:00:59.928+0000] {logging_mixin.py:188} INFO - [2026-04-25T11:00:59.927+0000] {dag.py:3947} INFO - Setting next_dagrun for file_etl_pipeline to 2026-04-25 00:00:00+00:00, run_after=2026-04-26 00:00:00+00:00
[2026-04-25T11:00:59.950+0000] {processor.py:183} INFO - Processing /opt/airflow/dags/file_etl_dag.py took 0.637 seconds
[2026-04-25T11:01:30.274+0000] {processor.py:161} INFO - Started process (PID=593) to work on /opt/airflow/dags/file_etl_dag.py
[2026-04-25T11:01:30.275+0000] {processor.py:830} INFO - Processing file /opt/airflow/dags/file_etl_dag.py for tasks to queue
[2026-04-25T11:01:30.278+0000] {logging_mixin.py:188} INFO - [2026-04-25T11:01:30.277+0000] {dagbag.py:545} INFO - Filling up the DagBag from /opt/airflow/dags/file_etl_dag.py
[2026-04-25T11:01:30.655+0000] {processor.py:840} INFO - DAG(s) 'file_etl_pipeline' retrieved from /opt/airflow/dags/file_etl_dag.py
[2026-04-25T11:01:30.676+0000] {logging_mixin.py:188} INFO - [2026-04-25T11:01:30.676+0000] {dag.py:3089} INFO - Sync 1 DAGs
[2026-04-25T11:01:30.702+0000] {logging_mixin.py:188} INFO - [2026-04-25T11:01:30.702+0000] {dag.py:3947} INFO - Setting next_dagrun for file_etl_pipeline to 2026-04-25 00:00:00+00:00, run_after=2026-04-26 00:00:00+00:00
[2026-04-25T11:01:30.725+0000] {processor.py:183} INFO - Processing /opt/airflow/dags/file_etl_dag.py took 0.460 seconds
[2026-04-25T11:02:00.997+0000] {processor.py:161} INFO - Started process (PID=599) to work on /opt/airflow/dags/file_etl_dag.py
[2026-04-25T11:02:00.998+0000] {processor.py:830} INFO - Processing file /opt/airflow/dags/file_etl_dag.py for tasks to queue
[2026-04-25T11:02:01.000+0000] {logging_mixin.py:188} INFO - [2026-04-25T11:02:00.999+0000] {dagbag.py:545} INFO - Filling up the DagBag from /opt/airflow/dags/file_etl_dag.py
[2026-04-25T11:02:01.334+0000] {processor.py:840} INFO - DAG(s) 'file_etl_pipeline' retrieved from /opt/airflow/dags/file_etl_dag.py
[2026-04-25T11:02:01.613+0000] {logging_mixin.py:188} INFO - [2026-04-25T11:02:01.612+0000] {dag.py:3089} INFO - Sync 1 DAGs
[2026-04-25T11:02:01.633+0000] {logging_mixin.py:188} INFO - [2026-04-25T11:02:01.633+0000] {dag.py:3947} INFO - Setting next_dagrun for file_etl_pipeline to 2026-04-25 00:00:00+00:00, run_after=2026-04-26 00:00:00+00:00
[2026-04-25T11:02:01.655+0000] {processor.py:183} INFO - Processing /opt/airflow/dags/file_etl_dag.py took 0.665 seconds
[2026-04-25T11:02:31.800+0000] {processor.py:161} INFO - Started process (PID=605) to work on /opt/airflow/dags/file_etl_dag.py
[2026-04-25T11:02:31.802+0000] {processor.py:830} INFO - Processing file /opt/airflow/dags/file_etl_dag.py for tasks to queue
[2026-04-25T11:02:31.804+0000] {logging_mixin.py:188} INFO - [2026-04-25T11:02:31.803+0000] {dagbag.py:545} INFO - Filling up the DagBag from /opt/airflow/dags/file_etl_dag.py
[2026-04-25T11:02:32.135+0000] {processor.py:840} INFO - DAG(s) 'file_etl_pipeline' retrieved from /opt/airflow/dags/file_etl_dag.py
[2026-04-25T11:02:32.172+0000] {logging_mixin.py:188} INFO - [2026-04-25T11:02:32.171+0000] {dag.py:3089} INFO - Sync 1 DAGs
[2026-04-25T11:02:32.200+0000] {logging_mixin.py:188} INFO - [2026-04-25T11:02:32.200+0000] {dag.py:3947} INFO - Setting next_dagrun for file_etl_pipeline to 2026-04-25 00:00:00+00:00, run_after=2026-04-26 00:00:00+00:00
[2026-04-25T11:02:32.381+0000] {processor.py:183} INFO - Processing /opt/airflow/dags/file_etl_dag.py took 0.587 seconds
[2026-04-25T11:03:02.600+0000] {processor.py:161} INFO - Started process (PID=611) to work on /opt/airflow/dags/file_etl_dag.py
[2026-04-25T11:03:02.602+0000] {processor.py:830} INFO - Processing file /opt/airflow/dags/file_etl_dag.py for tasks to queue
[2026-04-25T11:03:02.604+0000] {logging_mixin.py:188} INFO - [2026-04-25T11:03:02.604+0000] {dagbag.py:545} INFO - Filling up the DagBag from /opt/airflow/dags/file_etl_dag.py
[2026-04-25T11:03:03.004+0000] {processor.py:840} INFO - DAG(s) 'file_etl_pipeline' retrieved from /opt/airflow/dags/file_etl_dag.py
[2026-04-25T11:03:03.034+0000] {logging_mixin.py:188} INFO - [2026-04-25T11:03:03.033+0000] {dag.py:3089} INFO - Sync 1 DAGs
[2026-04-25T11:03:03.075+0000] {logging_mixin.py:188} INFO - [2026-04-25T11:03:03.075+0000] {dag.py:3947} INFO - Setting next_dagrun for file_etl_pipeline to 2026-04-25 00:00:00+00:00, run_after=2026-04-26 00:00:00+00:00
[2026-04-25T11:03:03.303+0000] {processor.py:183} INFO - Processing /opt/airflow/dags/file_etl_dag.py took 0.715 seconds
[2026-04-25T11:03:33.529+0000] {processor.py:161} INFO - Started process (PID=617) to work on /opt/airflow/dags/file_etl_dag.py
[2026-04-25T11:03:33.530+0000] {processor.py:830} INFO - Processing file /opt/airflow/dags/file_etl_dag.py for tasks to queue
[2026-04-25T11:03:33.533+0000] {logging_mixin.py:188} INFO - [2026-04-25T11:03:33.532+0000] {dagbag.py:545} INFO - Filling up the DagBag from /opt/airflow/dags/file_etl_dag.py
[2026-04-25T11:03:33.902+0000] {processor.py:840} INFO - DAG(s) 'file_etl_pipeline' retrieved from /opt/airflow/dags/file_etl_dag.py
[2026-04-25T11:03:34.201+0000] {logging_mixin.py:188} INFO - [2026-04-25T11:03:34.201+0000] {dag.py:3089} INFO - Sync 1 DAGs
[2026-04-25T11:03:34.225+0000] {logging_mixin.py:188} INFO - [2026-04-25T11:03:34.225+0000] {dag.py:3947} INFO - Setting next_dagrun for file_etl_pipeline to 2026-04-25 00:00:00+00:00, run_after=2026-04-26 00:00:00+00:00
[2026-04-25T11:03:34.293+0000] {processor.py:183} INFO - Processing /opt/airflow/dags/file_etl_dag.py took 0.773 seconds
[2026-04-25T11:04:04.468+0000] {processor.py:161} INFO - Started process (PID=623) to work on /opt/airflow/dags/file_etl_dag.py
[2026-04-25T11:04:04.469+0000] {processor.py:830} INFO - Processing file /opt/airflow/dags/file_etl_dag.py for tasks to queue
[2026-04-25T11:04:04.472+0000] {logging_mixin.py:188} INFO - [2026-04-25T11:04:04.472+0000] {dagbag.py:545} INFO - Filling up the DagBag from /opt/airflow/dags/file_etl_dag.py
[2026-04-25T11:04:04.896+0000] {processor.py:840} INFO - DAG(s) 'file_etl_pipeline' retrieved from /opt/airflow/dags/file_etl_dag.py
[2026-04-25T11:04:04.920+0000] {logging_mixin.py:188} INFO - [2026-04-25T11:04:04.919+0000] {dag.py:3089} INFO - Sync 1 DAGs
[2026-04-25T11:04:04.950+0000] {logging_mixin.py:188} INFO - [2026-04-25T11:04:04.950+0000] {dag.py:3947} INFO - Setting next_dagrun for file_etl_pipeline to 2026-04-25 00:00:00+00:00, run_after=2026-04-26 00:00:00+00:00
[2026-04-25T11:04:04.986+0000] {processor.py:183} INFO - Processing /opt/airflow/dags/file_etl_dag.py took 0.526 seconds
[2026-04-25T11:04:35.206+0000] {processor.py:161} INFO - Started process (PID=629) to work on /opt/airflow/dags/file_etl_dag.py
[2026-04-25T11:04:35.208+0000] {processor.py:830} INFO - Processing file /opt/airflow/dags/file_etl_dag.py for tasks to queue
[2026-04-25T11:04:35.211+0000] {logging_mixin.py:188} INFO - [2026-04-25T11:04:35.211+0000] {dagbag.py:545} INFO - Filling up the DagBag from /opt/airflow/dags/file_etl_dag.py
[2026-04-25T11:04:35.691+0000] {processor.py:840} INFO - DAG(s) 'file_etl_pipeline' retrieved from /opt/airflow/dags/file_etl_dag.py
[2026-04-25T11:04:35.723+0000] {logging_mixin.py:188} INFO - [2026-04-25T11:04:35.723+0000] {dag.py:3089} INFO - Sync 1 DAGs
[2026-04-25T11:04:35.757+0000] {logging_mixin.py:188} INFO - [2026-04-25T11:04:35.756+0000] {dag.py:3947} INFO - Setting next_dagrun for file_etl_pipeline to 2026-04-25 00:00:00+00:00, run_after=2026-04-26 00:00:00+00:00
[2026-04-25T11:04:35.804+0000] {processor.py:183} INFO - Processing /opt/airflow/dags/file_etl_dag.py took 0.608 seconds
[2026-04-25T11:05:06.013+0000] {processor.py:161} INFO - Started process (PID=635) to work on /opt/airflow/dags/file_etl_dag.py
[2026-04-25T11:05:06.015+0000] {processor.py:830} INFO - Processing file /opt/airflow/dags/file_etl_dag.py for tasks to queue
[2026-04-25T11:05:06.020+0000] {logging_mixin.py:188} INFO - [2026-04-25T11:05:06.019+0000] {dagbag.py:545} INFO - Filling up the DagBag from /opt/airflow/dags/file_etl_dag.py
[2026-04-25T11:05:06.491+0000] {processor.py:840} INFO - DAG(s) 'file_etl_pipeline' retrieved from /opt/airflow/dags/file_etl_dag.py
[2026-04-25T11:05:06.519+0000] {logging_mixin.py:188} INFO - [2026-04-25T11:05:06.519+0000] {dag.py:3089} INFO - Sync 1 DAGs
[2026-04-25T11:05:06.553+0000] {logging_mixin.py:188} INFO - [2026-04-25T11:05:06.552+0000] {dag.py:3947} INFO - Setting next_dagrun for file_etl_pipeline to 2026-04-25 00:00:00+00:00, run_after=2026-04-26 00:00:00+00:00
[2026-04-25T11:05:06.598+0000] {processor.py:183} INFO - Processing /opt/airflow/dags/file_etl_dag.py took 0.603 seconds
[2026-04-25T11:05:36.864+0000] {processor.py:161} INFO - Started process (PID=641) to work on /opt/airflow/dags/file_etl_dag.py
[2026-04-25T11:05:36.866+0000] {processor.py:830} INFO - Processing file /opt/airflow/dags/file_etl_dag.py for tasks to queue
[2026-04-25T11:05:36.868+0000] {logging_mixin.py:188} INFO - [2026-04-25T11:05:36.868+0000] {dagbag.py:545} INFO - Filling up the DagBag from /opt/airflow/dags/file_etl_dag.py
[2026-04-25T11:05:37.295+0000] {processor.py:840} INFO - DAG(s) 'file_etl_pipeline' retrieved from /opt/airflow/dags/file_etl_dag.py
[2026-04-25T11:05:37.322+0000] {logging_mixin.py:188} INFO - [2026-04-25T11:05:37.322+0000] {dag.py:3089} INFO - Sync 1 DAGs
[2026-04-25T11:05:37.358+0000] {logging_mixin.py:188} INFO - [2026-04-25T11:05:37.358+0000] {dag.py:3947} INFO - Setting next_dagrun for file_etl_pipeline to 2026-04-25 00:00:00+00:00, run_after=2026-04-26 00:00:00+00:00
[2026-04-25T11:05:37.409+0000] {processor.py:183} INFO - Processing /opt/airflow/dags/file_etl_dag.py took 0.555 seconds
[2026-04-25T11:06:07.621+0000] {processor.py:161} INFO - Started process (PID=647) to work on /opt/airflow/dags/file_etl_dag.py
[2026-04-25T11:06:07.622+0000] {processor.py:830} INFO - Processing file /opt/airflow/dags/file_etl_dag.py for tasks to queue
[2026-04-25T11:06:07.625+0000] {logging_mixin.py:188} INFO - [2026-04-25T11:06:07.624+0000] {dagbag.py:545} INFO - Filling up the DagBag from /opt/airflow/dags/file_etl_dag.py
[2026-04-25T11:06:08.050+0000] {processor.py:840} INFO - DAG(s) 'file_etl_pipeline' retrieved from /opt/airflow/dags/file_etl_dag.py
[2026-04-25T11:06:08.077+0000] {logging_mixin.py:188} INFO - [2026-04-25T11:06:08.076+0000] {dag.py:3089} INFO - Sync 1 DAGs
[2026-04-25T11:06:08.112+0000] {logging_mixin.py:188} INFO - [2026-04-25T11:06:08.112+0000] {dag.py:3947} INFO - Setting next_dagrun for file_etl_pipeline to 2026-04-25 00:00:00+00:00, run_after=2026-04-26 00:00:00+00:00
[2026-04-25T11:06:08.343+0000] {processor.py:183} INFO - Processing /opt/airflow/dags/file_etl_dag.py took 0.730 seconds
[2026-04-25T11:06:38.526+0000] {processor.py:161} INFO - Started process (PID=653) to work on /opt/airflow/dags/file_etl_dag.py
[2026-04-25T11:06:38.528+0000] {processor.py:830} INFO - Processing file /opt/airflow/dags/file_etl_dag.py for tasks to queue
[2026-04-25T11:06:38.530+0000] {logging_mixin.py:188} INFO - [2026-04-25T11:06:38.530+0000] {dagbag.py:545} INFO - Filling up the DagBag from /opt/airflow/dags/file_etl_dag.py
[2026-04-25T11:06:38.909+0000] {processor.py:840} INFO - DAG(s) 'file_etl_pipeline' retrieved from /opt/airflow/dags/file_etl_dag.py
[2026-04-25T11:06:38.931+0000] {logging_mixin.py:188} INFO - [2026-04-25T11:06:38.930+0000] {dag.py:3089} INFO - Sync 1 DAGs
[2026-04-25T11:06:39.125+0000] {logging_mixin.py:188} INFO - [2026-04-25T11:06:39.125+0000] {dag.py:3947} INFO - Setting next_dagrun for file_etl_pipeline to 2026-04-25 00:00:00+00:00, run_after=2026-04-26 00:00:00+00:00
[2026-04-25T11:06:39.204+0000] {processor.py:183} INFO - Processing /opt/airflow/dags/file_etl_dag.py took 0.688 seconds
[2026-04-25T11:07:09.417+0000] {processor.py:161} INFO - Started process (PID=659) to work on /opt/airflow/dags/file_etl_dag.py
[2026-04-25T11:07:09.418+0000] {processor.py:830} INFO - Processing file /opt/airflow/dags/file_etl_dag.py for tasks to queue
[2026-04-25T11:07:09.420+0000] {logging_mixin.py:188} INFO - [2026-04-25T11:07:09.420+0000] {dagbag.py:545} INFO - Filling up the DagBag from /opt/airflow/dags/file_etl_dag.py
[2026-04-25T11:07:09.746+0000] {processor.py:840} INFO - DAG(s) 'file_etl_pipeline' retrieved from /opt/airflow/dags/file_etl_dag.py
[2026-04-25T11:07:09.766+0000] {logging_mixin.py:188} INFO - [2026-04-25T11:07:09.766+0000] {dag.py:3089} INFO - Sync 1 DAGs
[2026-04-25T11:07:09.792+0000] {logging_mixin.py:188} INFO - [2026-04-25T11:07:09.791+0000] {dag.py:3947} INFO - Setting next_dagrun for file_etl_pipeline to 2026-04-25 00:00:00+00:00, run_after=2026-04-26 00:00:00+00:00
[2026-04-25T11:07:09.822+0000] {processor.py:183} INFO - Processing /opt/airflow/dags/file_etl_dag.py took 0.411 seconds
[2026-04-25T11:07:40.010+0000] {processor.py:161} INFO - Started process (PID=665) to work on /opt/airflow/dags/file_etl_dag.py
[2026-04-25T11:07:40.011+0000] {processor.py:830} INFO - Processing file /opt/airflow/dags/file_etl_dag.py for tasks to queue
[2026-04-25T11:07:40.013+0000] {logging_mixin.py:188} INFO - [2026-04-25T11:07:40.013+0000] {dagbag.py:545} INFO - Filling up the DagBag from /opt/airflow/dags/file_etl_dag.py
[2026-04-25T11:07:40.477+0000] {processor.py:840} INFO - DAG(s) 'file_etl_pipeline' retrieved from /opt/airflow/dags/file_etl_dag.py
[2026-04-25T11:07:40.502+0000] {logging_mixin.py:188} INFO - [2026-04-25T11:07:40.501+0000] {dag.py:3089} INFO - Sync 1 DAGs
[2026-04-25T11:07:40.532+0000] {logging_mixin.py:188} INFO - [2026-04-25T11:07:40.531+0000] {dag.py:3947} INFO - Setting next_dagrun for file_etl_pipeline to 2026-04-25 00:00:00+00:00, run_after=2026-04-26 00:00:00+00:00
[2026-04-25T11:07:40.580+0000] {processor.py:183} INFO - Processing /opt/airflow/dags/file_etl_dag.py took 0.577 seconds
[2026-04-25T11:08:10.790+0000] {processor.py:161} INFO - Started process (PID=671) to work on /opt/airflow/dags/file_etl_dag.py
[2026-04-25T11:08:10.791+0000] {processor.py:830} INFO - Processing file /opt/airflow/dags/file_etl_dag.py for tasks to queue
[2026-04-25T11:08:10.793+0000] {logging_mixin.py:188} INFO - [2026-04-25T11:08:10.793+0000] {dagbag.py:545} INFO - Filling up the DagBag from /opt/airflow/dags/file_etl_dag.py
[2026-04-25T11:08:11.136+0000] {processor.py:840} INFO - DAG(s) 'file_etl_pipeline' retrieved from /opt/airflow/dags/file_etl_dag.py
[2026-04-25T11:08:11.164+0000] {logging_mixin.py:188} INFO - [2026-04-25T11:08:11.164+0000] {dag.py:3089} INFO - Sync 1 DAGs
[2026-04-25T11:08:11.198+0000] {logging_mixin.py:188} INFO - [2026-04-25T11:08:11.197+0000] {dag.py:3947} INFO - Setting next_dagrun for file_etl_pipeline to 2026-04-25 00:00:00+00:00, run_after=2026-04-26 00:00:00+00:00
[2026-04-25T11:08:11.231+0000] {processor.py:183} INFO - Processing /opt/airflow/dags/file_etl_dag.py took 0.449 seconds
[2026-04-25T11:08:41.395+0000] {processor.py:161} INFO - Started process (PID=677) to work on /opt/airflow/dags/file_etl_dag.py
[2026-04-25T11:08:41.397+0000] {processor.py:830} INFO - Processing file /opt/airflow/dags/file_etl_dag.py for tasks to queue
[2026-04-25T11:08:41.400+0000] {logging_mixin.py:188} INFO - [2026-04-25T11:08:41.399+0000] {dagbag.py:545} INFO - Filling up the DagBag from /opt/airflow/dags/file_etl_dag.py
[2026-04-25T11:08:41.873+0000] {processor.py:840} INFO - DAG(s) 'file_etl_pipeline' retrieved from /opt/airflow/dags/file_etl_dag.py
[2026-04-25T11:08:42.201+0000] {logging_mixin.py:188} INFO - [2026-04-25T11:08:42.200+0000] {dag.py:3089} INFO - Sync 1 DAGs
[2026-04-25T11:08:42.229+0000] {logging_mixin.py:188} INFO - [2026-04-25T11:08:42.229+0000] {dag.py:3947} INFO - Setting next_dagrun for file_etl_pipeline to 2026-04-25 00:00:00+00:00, run_after=2026-04-26 00:00:00+00:00
[2026-04-25T11:08:42.257+0000] {processor.py:183} INFO - Processing /opt/airflow/dags/file_etl_dag.py took 0.871 seconds
[2026-04-25T11:09:12.497+0000] {processor.py:161} INFO - Started process (PID=683) to work on /opt/airflow/dags/file_etl_dag.py
[2026-04-25T11:09:12.498+0000] {processor.py:830} INFO - Processing file /opt/airflow/dags/file_etl_dag.py for tasks to queue
[2026-04-25T11:09:12.500+0000] {logging_mixin.py:188} INFO - [2026-04-25T11:09:12.500+0000] {dagbag.py:545} INFO - Filling up the DagBag from /opt/airflow/dags/file_etl_dag.py
[2026-04-25T11:09:12.848+0000] {processor.py:840} INFO - DAG(s) 'file_etl_pipeline' retrieved from /opt/airflow/dags/file_etl_dag.py
[2026-04-25T11:09:12.871+0000] {logging_mixin.py:188} INFO - [2026-04-25T11:09:12.871+0000] {dag.py:3089} INFO - Sync 1 DAGs
[2026-04-25T11:09:12.900+0000] {logging_mixin.py:188} INFO - [2026-04-25T11:09:12.900+0000] {dag.py:3947} INFO - Setting next_dagrun for file_etl_pipeline to 2026-04-25 00:00:00+00:00, run_after=2026-04-26 00:00:00+00:00
[2026-04-25T11:09:13.069+0000] {processor.py:183} INFO - Processing /opt/airflow/dags/file_etl_dag.py took 0.579 seconds
[2026-04-25T11:09:43.306+0000] {processor.py:161} INFO - Started process (PID=689) to work on /opt/airflow/dags/file_etl_dag.py
[2026-04-25T11:09:43.308+0000] {processor.py:830} INFO - Processing file /opt/airflow/dags/file_etl_dag.py for tasks to queue
[2026-04-25T11:09:43.311+0000] {logging_mixin.py:188} INFO - [2026-04-25T11:09:43.311+0000] {dagbag.py:545} INFO - Filling up the DagBag from /opt/airflow/dags/file_etl_dag.py
[2026-04-25T11:09:43.779+0000] {processor.py:840} INFO - DAG(s) 'file_etl_pipeline' retrieved from /opt/airflow/dags/file_etl_dag.py
[2026-04-25T11:09:44.071+0000] {logging_mixin.py:188} INFO - [2026-04-25T11:09:44.071+0000] {dag.py:3089} INFO - Sync 1 DAGs
[2026-04-25T11:09:44.093+0000] {logging_mixin.py:188} INFO - [2026-04-25T11:09:44.093+0000] {dag.py:3947} INFO - Setting next_dagrun for file_etl_pipeline to 2026-04-25 00:00:00+00:00, run_after=2026-04-26 00:00:00+00:00
[2026-04-25T11:09:45.137+0000] {processor.py:183} INFO - Processing /opt/airflow/dags/file_etl_dag.py took 1.841 seconds
[2026-04-25T11:10:15.336+0000] {processor.py:161} INFO - Started process (PID=695) to work on /opt/airflow/dags/file_etl_dag.py
[2026-04-25T11:10:15.337+0000] {processor.py:830} INFO - Processing file /opt/airflow/dags/file_etl_dag.py for tasks to queue
[2026-04-25T11:10:15.340+0000] {logging_mixin.py:188} INFO - [2026-04-25T11:10:15.340+0000] {dagbag.py:545} INFO - Filling up the DagBag from /opt/airflow/dags/file_etl_dag.py
[2026-04-25T11:10:15.719+0000] {processor.py:840} INFO - DAG(s) 'file_etl_pipeline' retrieved from /opt/airflow/dags/file_etl_dag.py
[2026-04-25T11:10:15.742+0000] {logging_mixin.py:188} INFO - [2026-04-25T11:10:15.742+0000] {dag.py:3089} INFO - Sync 1 DAGs
[2026-04-25T11:10:15.774+0000] {logging_mixin.py:188} INFO - [2026-04-25T11:10:15.774+0000] {dag.py:3947} INFO - Setting next_dagrun for file_etl_pipeline to 2026-04-25 00:00:00+00:00, run_after=2026-04-26 00:00:00+00:00
[2026-04-25T11:10:15.817+0000] {processor.py:183} INFO - Processing /opt/airflow/dags/file_etl_dag.py took 0.489 seconds
[2026-04-25T11:10:46.061+0000] {processor.py:161} INFO - Started process (PID=701) to work on /opt/airflow/dags/file_etl_dag.py
[2026-04-25T11:10:46.063+0000] {processor.py:830} INFO - Processing file /opt/airflow/dags/file_etl_dag.py for tasks to queue
[2026-04-25T11:10:46.066+0000] {logging_mixin.py:188} INFO - [2026-04-25T11:10:46.065+0000] {dagbag.py:545} INFO - Filling up the DagBag from /opt/airflow/dags/file_etl_dag.py
[2026-04-25T11:10:46.537+0000] {processor.py:840} INFO - DAG(s) 'file_etl_pipeline' retrieved from /opt/airflow/dags/file_etl_dag.py
[2026-04-25T11:10:46.563+0000] {logging_mixin.py:188} INFO - [2026-04-25T11:10:46.562+0000] {dag.py:3089} INFO - Sync 1 DAGs
[2026-04-25T11:10:46.598+0000] {logging_mixin.py:188} INFO - [2026-04-25T11:10:46.598+0000] {dag.py:3947} INFO - Setting next_dagrun for file_etl_pipeline to 2026-04-25 00:00:00+00:00, run_after=2026-04-26 00:00:00+00:00
[2026-04-25T11:10:46.624+0000] {processor.py:183} INFO - Processing /opt/airflow/dags/file_etl_dag.py took 0.575 seconds
[2026-04-25T11:11:16.824+0000] {processor.py:161} INFO - Started process (PID=707) to work on /opt/airflow/dags/file_etl_dag.py
[2026-04-25T11:11:16.826+0000] {processor.py:830} INFO - Processing file /opt/airflow/dags/file_etl_dag.py for tasks to queue
[2026-04-25T11:11:16.828+0000] {logging_mixin.py:188} INFO - [2026-04-25T11:11:16.828+0000] {dagbag.py:545} INFO - Filling up the DagBag from /opt/airflow/dags/file_etl_dag.py
[2026-04-25T11:11:17.179+0000] {processor.py:840} INFO - DAG(s) 'file_etl_pipeline' retrieved from /opt/airflow/dags/file_etl_dag.py
[2026-04-25T11:11:17.223+0000] {logging_mixin.py:188} INFO - [2026-04-25T11:11:17.222+0000] {dag.py:3089} INFO - Sync 1 DAGs
[2026-04-25T11:11:17.254+0000] {logging_mixin.py:188} INFO - [2026-04-25T11:11:17.254+0000] {dag.py:3947} INFO - Setting next_dagrun for file_etl_pipeline to 2026-04-25 00:00:00+00:00, run_after=2026-04-26 00:00:00+00:00
[2026-04-25T11:11:17.288+0000] {processor.py:183} INFO - Processing /opt/airflow/dags/file_etl_dag.py took 0.471 seconds
[2026-04-25T11:11:47.491+0000] {processor.py:161} INFO - Started process (PID=713) to work on /opt/airflow/dags/file_etl_dag.py
[2026-04-25T11:11:47.492+0000] {processor.py:830} INFO - Processing file /opt/airflow/dags/file_etl_dag.py for tasks to queue
[2026-04-25T11:11:47.495+0000] {logging_mixin.py:188} INFO - [2026-04-25T11:11:47.494+0000] {dagbag.py:545} INFO - Filling up the DagBag from /opt/airflow/dags/file_etl_dag.py
[2026-04-25T11:11:47.863+0000] {processor.py:840} INFO - DAG(s) 'file_etl_pipeline' retrieved from /opt/airflow/dags/file_etl_dag.py
[2026-04-25T11:11:47.889+0000] {logging_mixin.py:188} INFO - [2026-04-25T11:11:47.889+0000] {dag.py:3089} INFO - Sync 1 DAGs
[2026-04-25T11:11:47.920+0000] {logging_mixin.py:188} INFO - [2026-04-25T11:11:47.919+0000] {dag.py:3947} INFO - Setting next_dagrun for file_etl_pipeline to 2026-04-25 00:00:00+00:00, run_after=2026-04-26 00:00:00+00:00
[2026-04-25T11:11:48.096+0000] {processor.py:183} INFO - Processing /opt/airflow/dags/file_etl_dag.py took 0.613 seconds
[2026-04-25T11:12:18.296+0000] {processor.py:161} INFO - Started process (PID=719) to work on /opt/airflow/dags/file_etl_dag.py
[2026-04-25T11:12:18.298+0000] {processor.py:830} INFO - Processing file /opt/airflow/dags/file_etl_dag.py for tasks to queue
[2026-04-25T11:12:18.300+0000] {logging_mixin.py:188} INFO - [2026-04-25T11:12:18.300+0000] {dagbag.py:545} INFO - Filling up the DagBag from /opt/airflow/dags/file_etl_dag.py
[2026-04-25T11:12:18.632+0000] {processor.py:840} INFO - DAG(s) 'file_etl_pipeline' retrieved from /opt/airflow/dags/file_etl_dag.py
[2026-04-25T11:12:18.655+0000] {logging_mixin.py:188} INFO - [2026-04-25T11:12:18.655+0000] {dag.py:3089} INFO - Sync 1 DAGs
[2026-04-25T11:12:18.831+0000] {logging_mixin.py:188} INFO - [2026-04-25T11:12:18.831+0000] {dag.py:3947} INFO - Setting next_dagrun for file_etl_pipeline to 2026-04-25 00:00:00+00:00, run_after=2026-04-26 00:00:00+00:00
[2026-04-25T11:12:18.870+0000] {processor.py:183} INFO - Processing /opt/airflow/dags/file_etl_dag.py took 0.581 seconds
[2026-04-25T11:12:49.074+0000] {processor.py:161} INFO - Started process (PID=725) to work on /opt/airflow/dags/file_etl_dag.py
[2026-04-25T11:12:49.075+0000] {processor.py:830} INFO - Processing file /opt/airflow/dags/file_etl_dag.py for tasks to queue
[2026-04-25T11:12:49.077+0000] {logging_mixin.py:188} INFO - [2026-04-25T11:12:49.077+0000] {dagbag.py:545} INFO - Filling up the DagBag from /opt/airflow/dags/file_etl_dag.py
[2026-04-25T11:12:49.421+0000] {processor.py:840} INFO - DAG(s) 'file_etl_pipeline' retrieved from /opt/airflow/dags/file_etl_dag.py
[2026-04-25T11:12:49.694+0000] {logging_mixin.py:188} INFO - [2026-04-25T11:12:49.694+0000] {dag.py:3089} INFO - Sync 1 DAGs
[2026-04-25T11:12:49.716+0000] {logging_mixin.py:188} INFO - [2026-04-25T11:12:49.716+0000] {dag.py:3947} INFO - Setting next_dagrun for file_etl_pipeline to 2026-04-25 00:00:00+00:00, run_after=2026-04-26 00:00:00+00:00
[2026-04-25T11:12:49.744+0000] {processor.py:183} INFO - Processing /opt/airflow/dags/file_etl_dag.py took 0.677 seconds
[2026-04-25T11:13:19.991+0000] {processor.py:161} INFO - Started process (PID=731) to work on /opt/airflow/dags/file_etl_dag.py
[2026-04-25T11:13:19.992+0000] {processor.py:830} INFO - Processing file /opt/airflow/dags/file_etl_dag.py for tasks to queue
[2026-04-25T11:13:19.994+0000] {logging_mixin.py:188} INFO - [2026-04-25T11:13:19.994+0000] {dagbag.py:545} INFO - Filling up the DagBag from /opt/airflow/dags/file_etl_dag.py
[2026-04-25T11:13:20.320+0000] {processor.py:840} INFO - DAG(s) 'file_etl_pipeline' retrieved from /opt/airflow/dags/file_etl_dag.py
[2026-04-25T11:13:20.344+0000] {logging_mixin.py:188} INFO - [2026-04-25T11:13:20.344+0000] {dag.py:3089} INFO - Sync 1 DAGs
[2026-04-25T11:13:20.372+0000] {logging_mixin.py:188} INFO - [2026-04-25T11:13:20.372+0000] {dag.py:3947} INFO - Setting next_dagrun for file_etl_pipeline to 2026-04-25 00:00:00+00:00, run_after=2026-04-26 00:00:00+00:00
[2026-04-25T11:13:20.395+0000] {processor.py:183} INFO - Processing /opt/airflow/dags/file_etl_dag.py took 0.410 seconds
[2026-04-25T11:13:50.678+0000] {processor.py:161} INFO - Started process (PID=737) to work on /opt/airflow/dags/file_etl_dag.py
[2026-04-25T11:13:50.680+0000] {processor.py:830} INFO - Processing file /opt/airflow/dags/file_etl_dag.py for tasks to queue
[2026-04-25T11:13:50.682+0000] {logging_mixin.py:188} INFO - [2026-04-25T11:13:50.681+0000] {dagbag.py:545} INFO - Filling up the DagBag from /opt/airflow/dags/file_etl_dag.py
[2026-04-25T11:13:51.048+0000] {processor.py:840} INFO - DAG(s) 'file_etl_pipeline' retrieved from /opt/airflow/dags/file_etl_dag.py
[2026-04-25T11:13:51.324+0000] {logging_mixin.py:188} INFO - [2026-04-25T11:13:51.324+0000] {dag.py:3089} INFO - Sync 1 DAGs
[2026-04-25T11:13:51.344+0000] {logging_mixin.py:188} INFO - [2026-04-25T11:13:51.344+0000] {dag.py:3947} INFO - Setting next_dagrun for file_etl_pipeline to 2026-04-25 00:00:00+00:00, run_after=2026-04-26 00:00:00+00:00
[2026-04-25T11:13:51.367+0000] {processor.py:183} INFO - Processing /opt/airflow/dags/file_etl_dag.py took 0.695 seconds
[2026-04-25T11:14:21.498+0000] {processor.py:161} INFO - Started process (PID=743) to work on /opt/airflow/dags/file_etl_dag.py
[2026-04-25T11:14:21.499+0000] {processor.py:830} INFO - Processing file /opt/airflow/dags/file_etl_dag.py for tasks to queue
[2026-04-25T11:14:21.501+0000] {logging_mixin.py:188} INFO - [2026-04-25T11:14:21.501+0000] {dagbag.py:545} INFO - Filling up the DagBag from /opt/airflow/dags/file_etl_dag.py
[2026-04-25T11:14:21.822+0000] {processor.py:840} INFO - DAG(s) 'file_etl_pipeline' retrieved from /opt/airflow/dags/file_etl_dag.py
[2026-04-25T11:14:21.842+0000] {logging_mixin.py:188} INFO - [2026-04-25T11:14:21.842+0000] {dag.py:3089} INFO - Sync 1 DAGs
[2026-04-25T11:14:21.870+0000] {logging_mixin.py:188} INFO - [2026-04-25T11:14:21.870+0000] {dag.py:3947} INFO - Setting next_dagrun for file_etl_pipeline to 2026-04-25 00:00:00+00:00, run_after=2026-04-26 00:00:00+00:00
[2026-04-25T11:14:21.892+0000] {processor.py:183} INFO - Processing /opt/airflow/dags/file_etl_dag.py took 0.400 seconds
[2026-04-25T11:14:52.236+0000] {processor.py:161} INFO - Started process (PID=749) to work on /opt/airflow/dags/file_etl_dag.py
[2026-04-25T11:14:52.237+0000] {processor.py:830} INFO - Processing file /opt/airflow/dags/file_etl_dag.py for tasks to queue
[2026-04-25T11:14:52.239+0000] {logging_mixin.py:188} INFO - [2026-04-25T11:14:52.239+0000] {dagbag.py:545} INFO - Filling up the DagBag from /opt/airflow/dags/file_etl_dag.py
[2026-04-25T11:14:52.579+0000] {processor.py:840} INFO - DAG(s) 'file_etl_pipeline' retrieved from /opt/airflow/dags/file_etl_dag.py
[2026-04-25T11:14:52.845+0000] {logging_mixin.py:188} INFO - [2026-04-25T11:14:52.845+0000] {dag.py:3089} INFO - Sync 1 DAGs
[2026-04-25T11:14:52.867+0000] {logging_mixin.py:188} INFO - [2026-04-25T11:14:52.867+0000] {dag.py:3947} INFO - Setting next_dagrun for file_etl_pipeline to 2026-04-25 00:00:00+00:00, run_after=2026-04-26 00:00:00+00:00
[2026-04-25T11:14:52.888+0000] {processor.py:183} INFO - Processing /opt/airflow/dags/file_etl_dag.py took 0.659 seconds
[2026-04-25T11:15:23.163+0000] {processor.py:161} INFO - Started process (PID=755) to work on /opt/airflow/dags/file_etl_dag.py
[2026-04-25T11:15:23.165+0000] {processor.py:830} INFO - Processing file /opt/airflow/dags/file_etl_dag.py for tasks to queue
[2026-04-25T11:15:23.168+0000] {logging_mixin.py:188} INFO - [2026-04-25T11:15:23.167+0000] {dagbag.py:545} INFO - Filling up the DagBag from /opt/airflow/dags/file_etl_dag.py
[2026-04-25T11:15:23.568+0000] {processor.py:840} INFO - DAG(s) 'file_etl_pipeline' retrieved from /opt/airflow/dags/file_etl_dag.py
[2026-04-25T11:15:23.593+0000] {logging_mixin.py:188} INFO - [2026-04-25T11:15:23.592+0000] {dag.py:3089} INFO - Sync 1 DAGs
[2026-04-25T11:15:23.778+0000] {logging_mixin.py:188} INFO - [2026-04-25T11:15:23.777+0000] {dag.py:3947} INFO - Setting next_dagrun for file_etl_pipeline to 2026-04-25 00:00:00+00:00, run_after=2026-04-26 00:00:00+00:00
[2026-04-25T11:15:23.803+0000] {processor.py:183} INFO - Processing /opt/airflow/dags/file_etl_dag.py took 0.649 seconds
[2026-04-25T11:15:54.091+0000] {processor.py:161} INFO - Started process (PID=761) to work on /opt/airflow/dags/file_etl_dag.py
[2026-04-25T11:15:54.093+0000] {processor.py:830} INFO - Processing file /opt/airflow/dags/file_etl_dag.py for tasks to queue
[2026-04-25T11:15:54.095+0000] {logging_mixin.py:188} INFO - [2026-04-25T11:15:54.095+0000] {dagbag.py:545} INFO - Filling up the DagBag from /opt/airflow/dags/file_etl_dag.py
[2026-04-25T11:15:54.443+0000] {processor.py:840} INFO - DAG(s) 'file_etl_pipeline' retrieved from /opt/airflow/dags/file_etl_dag.py
[2026-04-25T11:15:54.707+0000] {logging_mixin.py:188} INFO - [2026-04-25T11:15:54.707+0000] {dag.py:3089} INFO - Sync 1 DAGs
[2026-04-25T11:15:54.728+0000] {logging_mixin.py:188} INFO - [2026-04-25T11:15:54.728+0000] {dag.py:3947} INFO - Setting next_dagrun for file_etl_pipeline to 2026-04-25 00:00:00+00:00, run_after=2026-04-26 00:00:00+00:00
[2026-04-25T11:15:54.751+0000] {processor.py:183} INFO - Processing /opt/airflow/dags/file_etl_dag.py took 0.667 seconds
[2026-04-25T11:16:25.075+0000] {processor.py:161} INFO - Started process (PID=767) to work on /opt/airflow/dags/file_etl_dag.py
[2026-04-25T11:16:25.076+0000] {processor.py:830} INFO - Processing file /opt/airflow/dags/file_etl_dag.py for tasks to queue
[2026-04-25T11:16:25.079+0000] {logging_mixin.py:188} INFO - [2026-04-25T11:16:25.078+0000] {dagbag.py:545} INFO - Filling up the DagBag from /opt/airflow/dags/file_etl_dag.py
[2026-04-25T11:16:25.435+0000] {processor.py:840} INFO - DAG(s) 'file_etl_pipeline' retrieved from /opt/airflow/dags/file_etl_dag.py
[2026-04-25T11:16:25.478+0000] {logging_mixin.py:188} INFO - [2026-04-25T11:16:25.478+0000] {dag.py:3089} INFO - Sync 1 DAGs
[2026-04-25T11:16:25.506+0000] {logging_mixin.py:188} INFO - [2026-04-25T11:16:25.506+0000] {dag.py:3947} INFO - Setting next_dagrun for file_etl_pipeline to 2026-04-25 00:00:00+00:00, run_after=2026-04-26 00:00:00+00:00
[2026-04-25T11:16:25.529+0000] {processor.py:183} INFO - Processing /opt/airflow/dags/file_etl_dag.py took 0.461 seconds
[2026-04-25T16:08:37.214+0000] {processor.py:161} INFO - Started process (PID=164) to work on /opt/airflow/dags/file_etl_dag.py
[2026-04-25T16:08:37.217+0000] {processor.py:830} INFO - Processing file /opt/airflow/dags/file_etl_dag.py for tasks to queue
[2026-04-25T16:08:37.226+0000] {logging_mixin.py:188} INFO - [2026-04-25T16:08:37.226+0000] {dagbag.py:545} INFO - Filling up the DagBag from /opt/airflow/dags/file_etl_dag.py
[2026-04-25T16:08:39.138+0000] {processor.py:840} INFO - DAG(s) 'file_etl_pipeline' retrieved from /opt/airflow/dags/file_etl_dag.py
[2026-04-25T16:08:39.210+0000] {logging_mixin.py:188} INFO - [2026-04-25T16:08:39.210+0000] {dag.py:3089} INFO - Sync 1 DAGs
[2026-04-25T16:08:39.253+0000] {logging_mixin.py:188} INFO - [2026-04-25T16:08:39.252+0000] {dag.py:3947} INFO - Setting next_dagrun for file_etl_pipeline to 2026-04-25 00:00:00+00:00, run_after=2026-04-26 00:00:00+00:00
[2026-04-25T16:08:39.284+0000] {processor.py:183} INFO - Processing /opt/airflow/dags/file_etl_dag.py took 2.080 seconds
[2026-04-25T16:09:09.534+0000] {processor.py:161} INFO - Started process (PID=170) to work on /opt/airflow/dags/file_etl_dag.py
[2026-04-25T16:09:09.536+0000] {processor.py:830} INFO - Processing file /opt/airflow/dags/file_etl_dag.py for tasks to queue
[2026-04-25T16:09:09.540+0000] {logging_mixin.py:188} INFO - [2026-04-25T16:09:09.539+0000] {dagbag.py:545} INFO - Filling up the DagBag from /opt/airflow/dags/file_etl_dag.py
[2026-04-25T16:09:10.038+0000] {processor.py:840} INFO - DAG(s) 'file_etl_pipeline' retrieved from /opt/airflow/dags/file_etl_dag.py
[2026-04-25T16:09:10.066+0000] {logging_mixin.py:188} INFO - [2026-04-25T16:09:10.065+0000] {dag.py:3089} INFO - Sync 1 DAGs
[2026-04-25T16:09:10.101+0000] {logging_mixin.py:188} INFO - [2026-04-25T16:09:10.100+0000] {dag.py:3947} INFO - Setting next_dagrun for file_etl_pipeline to 2026-04-25 00:00:00+00:00, run_after=2026-04-26 00:00:00+00:00
[2026-04-25T16:09:10.129+0000] {processor.py:183} INFO - Processing /opt/airflow/dags/file_etl_dag.py took 0.605 seconds
[2026-04-25T16:09:40.455+0000] {processor.py:161} INFO - Started process (PID=184) to work on /opt/airflow/dags/file_etl_dag.py
[2026-04-25T16:09:40.457+0000] {processor.py:830} INFO - Processing file /opt/airflow/dags/file_etl_dag.py for tasks to queue
[2026-04-25T16:09:40.464+0000] {logging_mixin.py:188} INFO - [2026-04-25T16:09:40.463+0000] {dagbag.py:545} INFO - Filling up the DagBag from /opt/airflow/dags/file_etl_dag.py
[2026-04-25T16:09:41.130+0000] {processor.py:840} INFO - DAG(s) 'file_etl_pipeline' retrieved from /opt/airflow/dags/file_etl_dag.py
[2026-04-25T16:09:41.169+0000] {logging_mixin.py:188} INFO - [2026-04-25T16:09:41.168+0000] {dag.py:3089} INFO - Sync 1 DAGs
[2026-04-25T16:09:41.221+0000] {logging_mixin.py:188} INFO - [2026-04-25T16:09:41.221+0000] {dag.py:3947} INFO - Setting next_dagrun for file_etl_pipeline to 2026-04-25 00:00:00+00:00, run_after=2026-04-26 00:00:00+00:00
[2026-04-25T16:09:41.265+0000] {processor.py:183} INFO - Processing /opt/airflow/dags/file_etl_dag.py took 0.825 seconds
[2026-04-25T16:10:11.574+0000] {processor.py:161} INFO - Started process (PID=191) to work on /opt/airflow/dags/file_etl_dag.py
[2026-04-25T16:10:11.576+0000] {processor.py:830} INFO - Processing file /opt/airflow/dags/file_etl_dag.py for tasks to queue
[2026-04-25T16:10:11.583+0000] {logging_mixin.py:188} INFO - [2026-04-25T16:10:11.582+0000] {dagbag.py:545} INFO - Filling up the DagBag from /opt/airflow/dags/file_etl_dag.py
[2026-04-25T16:10:12.270+0000] {processor.py:840} INFO - DAG(s) 'file_etl_pipeline' retrieved from /opt/airflow/dags/file_etl_dag.py
[2026-04-25T16:10:12.316+0000] {logging_mixin.py:188} INFO - [2026-04-25T16:10:12.316+0000] {dag.py:3089} INFO - Sync 1 DAGs
[2026-04-25T16:10:12.375+0000] {logging_mixin.py:188} INFO - [2026-04-25T16:10:12.375+0000] {dag.py:3947} INFO - Setting next_dagrun for file_etl_pipeline to 2026-04-25 00:00:00+00:00, run_after=2026-04-26 00:00:00+00:00
[2026-04-25T16:10:12.419+0000] {processor.py:183} INFO - Processing /opt/airflow/dags/file_etl_dag.py took 0.861 seconds
[2026-04-25T16:10:42.878+0000] {processor.py:161} INFO - Started process (PID=197) to work on /opt/airflow/dags/file_etl_dag.py
[2026-04-25T16:10:42.879+0000] {processor.py:830} INFO - Processing file /opt/airflow/dags/file_etl_dag.py for tasks to queue
[2026-04-25T16:10:42.884+0000] {logging_mixin.py:188} INFO - [2026-04-25T16:10:42.883+0000] {dagbag.py:545} INFO - Filling up the DagBag from /opt/airflow/dags/file_etl_dag.py
[2026-04-25T16:10:43.563+0000] {processor.py:840} INFO - DAG(s) 'file_etl_pipeline' retrieved from /opt/airflow/dags/file_etl_dag.py
[2026-04-25T16:10:43.594+0000] {logging_mixin.py:188} INFO - [2026-04-25T16:10:43.594+0000] {dag.py:3089} INFO - Sync 1 DAGs
[2026-04-25T16:10:43.635+0000] {logging_mixin.py:188} INFO - [2026-04-25T16:10:43.635+0000] {dag.py:3947} INFO - Setting next_dagrun for file_etl_pipeline to 2026-04-25 00:00:00+00:00, run_after=2026-04-26 00:00:00+00:00
[2026-04-25T16:10:43.667+0000] {processor.py:183} INFO - Processing /opt/airflow/dags/file_etl_dag.py took 0.801 seconds
[2026-04-25T16:11:13.954+0000] {processor.py:161} INFO - Started process (PID=203) to work on /opt/airflow/dags/file_etl_dag.py
[2026-04-25T16:11:13.956+0000] {processor.py:830} INFO - Processing file /opt/airflow/dags/file_etl_dag.py for tasks to queue
[2026-04-25T16:11:13.960+0000] {logging_mixin.py:188} INFO - [2026-04-25T16:11:13.960+0000] {dagbag.py:545} INFO - Filling up the DagBag from /opt/airflow/dags/file_etl_dag.py
[2026-04-25T16:11:14.625+0000] {processor.py:840} INFO - DAG(s) 'file_etl_pipeline' retrieved from /opt/airflow/dags/file_etl_dag.py
[2026-04-25T16:11:14.661+0000] {logging_mixin.py:188} INFO - [2026-04-25T16:11:14.661+0000] {dag.py:3089} INFO - Sync 1 DAGs
[2026-04-25T16:11:14.709+0000] {logging_mixin.py:188} INFO - [2026-04-25T16:11:14.709+0000] {dag.py:3947} INFO - Setting next_dagrun for file_etl_pipeline to 2026-04-25 00:00:00+00:00, run_after=2026-04-26 00:00:00+00:00
[2026-04-25T16:11:14.750+0000] {processor.py:183} INFO - Processing /opt/airflow/dags/file_etl_dag.py took 0.809 seconds
[2026-04-25T16:11:45.053+0000] {processor.py:161} INFO - Started process (PID=209) to work on /opt/airflow/dags/file_etl_dag.py
[2026-04-25T16:11:45.056+0000] {processor.py:830} INFO - Processing file /opt/airflow/dags/file_etl_dag.py for tasks to queue
[2026-04-25T16:11:45.062+0000] {logging_mixin.py:188} INFO - [2026-04-25T16:11:45.061+0000] {dagbag.py:545} INFO - Filling up the DagBag from /opt/airflow/dags/file_etl_dag.py
[2026-04-25T16:11:45.870+0000] {processor.py:840} INFO - DAG(s) 'file_etl_pipeline' retrieved from /opt/airflow/dags/file_etl_dag.py
[2026-04-25T16:11:45.915+0000] {logging_mixin.py:188} INFO - [2026-04-25T16:11:45.914+0000] {dag.py:3089} INFO - Sync 1 DAGs
[2026-04-25T16:11:45.978+0000] {logging_mixin.py:188} INFO - [2026-04-25T16:11:45.977+0000] {dag.py:3947} INFO - Setting next_dagrun for file_etl_pipeline to 2026-04-25 00:00:00+00:00, run_after=2026-04-26 00:00:00+00:00
[2026-04-25T16:11:46.025+0000] {processor.py:183} INFO - Processing /opt/airflow/dags/file_etl_dag.py took 0.990 seconds
[2026-04-25T16:12:16.287+0000] {processor.py:161} INFO - Started process (PID=215) to work on /opt/airflow/dags/file_etl_dag.py
[2026-04-25T16:12:16.289+0000] {processor.py:830} INFO - Processing file /opt/airflow/dags/file_etl_dag.py for tasks to queue
[2026-04-25T16:12:16.292+0000] {logging_mixin.py:188} INFO - [2026-04-25T16:12:16.292+0000] {dagbag.py:545} INFO - Filling up the DagBag from /opt/airflow/dags/file_etl_dag.py
[2026-04-25T16:12:16.825+0000] {processor.py:840} INFO - DAG(s) 'file_etl_pipeline' retrieved from /opt/airflow/dags/file_etl_dag.py
[2026-04-25T16:12:16.855+0000] {logging_mixin.py:188} INFO - [2026-04-25T16:12:16.854+0000] {dag.py:3089} INFO - Sync 1 DAGs
[2026-04-25T16:12:16.893+0000] {logging_mixin.py:188} INFO - [2026-04-25T16:12:16.893+0000] {dag.py:3947} INFO - Setting next_dagrun for file_etl_pipeline to 2026-04-25 00:00:00+00:00, run_after=2026-04-26 00:00:00+00:00
[2026-04-25T16:12:16.928+0000] {processor.py:183} INFO - Processing /opt/airflow/dags/file_etl_dag.py took 0.652 seconds
[2026-04-25T16:12:47.237+0000] {processor.py:161} INFO - Started process (PID=221) to work on /opt/airflow/dags/file_etl_dag.py
[2026-04-25T16:12:47.239+0000] {processor.py:830} INFO - Processing file /opt/airflow/dags/file_etl_dag.py for tasks to queue
[2026-04-25T16:12:47.243+0000] {logging_mixin.py:188} INFO - [2026-04-25T16:12:47.243+0000] {dagbag.py:545} INFO - Filling up the DagBag from /opt/airflow/dags/file_etl_dag.py
[2026-04-25T16:12:47.782+0000] {processor.py:840} INFO - DAG(s) 'file_etl_pipeline' retrieved from /opt/airflow/dags/file_etl_dag.py
[2026-04-25T16:12:47.809+0000] {logging_mixin.py:188} INFO - [2026-04-25T16:12:47.809+0000] {dag.py:3089} INFO - Sync 1 DAGs
[2026-04-25T16:12:47.844+0000] {logging_mixin.py:188} INFO - [2026-04-25T16:12:47.844+0000] {dag.py:3947} INFO - Setting next_dagrun for file_etl_pipeline to 2026-04-25 00:00:00+00:00, run_after=2026-04-26 00:00:00+00:00
[2026-04-25T16:12:47.874+0000] {processor.py:183} INFO - Processing /opt/airflow/dags/file_etl_dag.py took 0.651 seconds
[2026-04-25T16:13:18.149+0000] {processor.py:161} INFO - Started process (PID=227) to work on /opt/airflow/dags/file_etl_dag.py
[2026-04-25T16:13:18.151+0000] {processor.py:830} INFO - Processing file /opt/airflow/dags/file_etl_dag.py for tasks to queue
[2026-04-25T16:13:18.155+0000] {logging_mixin.py:188} INFO - [2026-04-25T16:13:18.154+0000] {dagbag.py:545} INFO - Filling up the DagBag from /opt/airflow/dags/file_etl_dag.py
[2026-04-25T16:13:18.664+0000] {processor.py:840} INFO - DAG(s) 'file_etl_pipeline' retrieved from /opt/airflow/dags/file_etl_dag.py
[2026-04-25T16:13:18.690+0000] {logging_mixin.py:188} INFO - [2026-04-25T16:13:18.690+0000] {dag.py:3089} INFO - Sync 1 DAGs
[2026-04-25T16:13:18.725+0000] {logging_mixin.py:188} INFO - [2026-04-25T16:13:18.725+0000] {dag.py:3947} INFO - Setting next_dagrun for file_etl_pipeline to 2026-04-25 00:00:00+00:00, run_after=2026-04-26 00:00:00+00:00
[2026-04-25T16:13:18.753+0000] {processor.py:183} INFO - Processing /opt/airflow/dags/file_etl_dag.py took 0.614 seconds
[2026-04-25T16:13:48.976+0000] {processor.py:161} INFO - Started process (PID=233) to work on /opt/airflow/dags/file_etl_dag.py
[2026-04-25T16:13:48.978+0000] {processor.py:830} INFO - Processing file /opt/airflow/dags/file_etl_dag.py for tasks to queue
[2026-04-25T16:13:48.981+0000] {logging_mixin.py:188} INFO - [2026-04-25T16:13:48.981+0000] {dagbag.py:545} INFO - Filling up the DagBag from /opt/airflow/dags/file_etl_dag.py
[2026-04-25T16:13:49.597+0000] {processor.py:840} INFO - DAG(s) 'file_etl_pipeline' retrieved from /opt/airflow/dags/file_etl_dag.py
[2026-04-25T16:13:49.634+0000] {logging_mixin.py:188} INFO - [2026-04-25T16:13:49.633+0000] {dag.py:3089} INFO - Sync 1 DAGs
[2026-04-25T16:13:49.685+0000] {logging_mixin.py:188} INFO - [2026-04-25T16:13:49.685+0000] {dag.py:3947} INFO - Setting next_dagrun for file_etl_pipeline to 2026-04-25 00:00:00+00:00, run_after=2026-04-26 00:00:00+00:00
[2026-04-25T16:13:49.826+0000] {processor.py:183} INFO - Processing /opt/airflow/dags/file_etl_dag.py took 0.860 seconds
[2026-04-25T16:14:20.140+0000] {processor.py:161} INFO - Started process (PID=239) to work on /opt/airflow/dags/file_etl_dag.py
[2026-04-25T16:14:20.142+0000] {processor.py:830} INFO - Processing file /opt/airflow/dags/file_etl_dag.py for tasks to queue
[2026-04-25T16:14:20.145+0000] {logging_mixin.py:188} INFO - [2026-04-25T16:14:20.144+0000] {dagbag.py:545} INFO - Filling up the DagBag from /opt/airflow/dags/file_etl_dag.py
[2026-04-25T16:14:20.644+0000] {processor.py:840} INFO - DAG(s) 'file_etl_pipeline' retrieved from /opt/airflow/dags/file_etl_dag.py
[2026-04-25T16:14:20.678+0000] {logging_mixin.py:188} INFO - [2026-04-25T16:14:20.678+0000] {dag.py:3089} INFO - Sync 1 DAGs
[2026-04-25T16:14:20.727+0000] {logging_mixin.py:188} INFO - [2026-04-25T16:14:20.727+0000] {dag.py:3947} INFO - Setting next_dagrun for file_etl_pipeline to 2026-04-25 00:00:00+00:00, run_after=2026-04-26 00:00:00+00:00
[2026-04-25T16:14:20.762+0000] {processor.py:183} INFO - Processing /opt/airflow/dags/file_etl_dag.py took 0.630 seconds
[2026-04-25T16:14:51.045+0000] {processor.py:161} INFO - Started process (PID=245) to work on /opt/airflow/dags/file_etl_dag.py
[2026-04-25T16:14:51.047+0000] {processor.py:830} INFO - Processing file /opt/airflow/dags/file_etl_dag.py for tasks to queue
[2026-04-25T16:14:51.051+0000] {logging_mixin.py:188} INFO - [2026-04-25T16:14:51.050+0000] {dagbag.py:545} INFO - Filling up the DagBag from /opt/airflow/dags/file_etl_dag.py
[2026-04-25T16:14:51.539+0000] {processor.py:840} INFO - DAG(s) 'file_etl_pipeline' retrieved from /opt/airflow/dags/file_etl_dag.py
[2026-04-25T16:14:51.577+0000] {logging_mixin.py:188} INFO - [2026-04-25T16:14:51.577+0000] {dag.py:3089} INFO - Sync 1 DAGs
[2026-04-25T16:14:51.616+0000] {logging_mixin.py:188} INFO - [2026-04-25T16:14:51.615+0000] {dag.py:3947} INFO - Setting next_dagrun for file_etl_pipeline to 2026-04-25 00:00:00+00:00, run_after=2026-04-26 00:00:00+00:00
[2026-04-25T16:14:51.649+0000] {processor.py:183} INFO - Processing /opt/airflow/dags/file_etl_dag.py took 0.613 seconds
